listid,faction,shipcount,upgradecount,totalagility,totalattack,totalhealth,avginitiative,yasb
Aaron#1,rebelalliance,4,7,7,10,21,3.75,https://raithos.github.io/?f=Rebel%20Alliance&d=v8ZsZ200Z25X119WW234WWWW87Y70XW41W106W4W167Y56XWWY54XWW&sn=Random%20Squad&obs=
Aaron#2,galacticrepublic,4,6,7,11,24,2.5,https://raithos.github.io/?f=Galactic%20Republic&d=v8ZsZ200Z317X256W102WY331XW240W214WY280XWWW252W106Y330XWW&sn=Random%20Squad&obs=
Aaron T#1,firstorder,4,7,9,13,26,3.5,https://raithos.github.io/?f=First%20Order&d=v8ZsZ200Z267X115WW108Y397X181WWWW240WY288X202WWW179WWWWY383X127WWW&sn=Random%20Squad&obs=
Aaron T#2,separatistalliance,3,10,4,8,23,3.6666666666666665,https://raithos.github.io/?f=Separatist%20Alliance&d=v8ZsZ200Z272X203W12W135WW32W316WWW223Y311XWW236Y334X75W232WWWWWW216W&sn=Random%20Squad&obs=
Aaron Thatcher#1,rebelalliance,5,3,10,12,28,3.0,https://raithos.github.io/?f=Rebel%20Alliance&d=v8ZsZ200Z59XW59WWY52XWWY29XW138WW0WWWY53XWY65XWWWW&sn=Random%20Squad&obs=
Aaron Thatcher#2,galacticrepublic,3,11,5,12,22,4.0,https://raithos.github.io/?f=Galactic%20Republic&d=v8ZsZ200Z338X120W134W30WW213W165Y340XWW30W89W213W236Y314XWW201W165&sn=Random%20Squad&obs=
Abel#1,galacticempire,4,5,11,9,17,3.5,https://raithos.github.io/?f=Galactic%20Empire&d=v8ZsZ200Z228X108Y208X135W99W102WWWWY173XW111W311WY180XWW&sn=Random%20Squad&obs=
Abel#2,rebelalliance,3,11,4,10,22,3.0,https://raithos.github.io/?f=Rebel%20Alliance&d=v8ZsZ200Z48X130W68W46WW105W156Y80X256W134W57WWW247Y75XW111WW13WWW&sn=Random%20Squad&obs=
Academy Kryger#1,galacticempire,5,9,14,11,20,3.2,https://raithos.github.io/?f=Galactic%20Empire&d=v8ZsZ200Z394X199WW311Y164X240W135W98W106W144W11Y181XWWY223XW249Y228X&sn=Random%20Squad&obs=
Academy Kryger#2,firstorder,5,1,14,14,22,2.8,https://raithos.github.io/?f=First%20Order&d=v8ZsZ200Z290XWY382XWWWY381XWWWY259XWWW113WY269XW&sn=Random%20Squad&obs=
Adam North Wales#1,resistance,3,8,3,10,31,3.0,https://raithos.github.io/?f=Resistance&d=v8ZsZ200Z346X177W12W234WW53WW105Y250XWW231WWWWW109Y246XW101WWWWWW&sn=Random%20Squad&obs=
Adam North Wales#2,galacticempire,4,4,9,12,23,3.5,https://raithos.github.io/?f=Galactic%20Empire&d=v8ZsZ200Z166XW232WWWW162Y182XWY173X72W111WWY187XWWWWW&sn=Random%20Squad&obs=
AJ-P2#1,scumandvillainy,5,4,13,12,25,2.4,https://raithos.github.io/?f=Scum%20and%20Villainy&d=v8ZsZ200Z159X98WW165Y121XW98WWW249WY137XWY84XWWWWWWWY304X&sn=Random%20Squad&obs=
AJ-P2#2,separatistalliance,4,5,8,12,24,3.5,https://raithos.github.io/?f=Separatist%20Alliance&d=v8ZsZ200Z336X232WW32WWWW216WY357XWY328X114WW249WY327XWWWW&sn=Random%20Squad&obs=
Ajay2017#1,scumandvillainy,3,10,5,9,26,3.6666666666666665,https://raithos.github.io/?f=Scum%20and%20Villainy&d=v8ZsZ200Z149XWW135W249WY154XW11W100W62WWWW106WY129XW135WW9W93W165&sn=Random%20Squad&obs=
Ajay2017#2,rebelalliance,4,10,7,10,23,3.25,https://raithos.github.io/?f=Rebel%20Alliance&d=v8ZsZ200Z73X119W112W11WW234W249W313Y67XWW105W138W167Y15XY26XWWW5WWW&sn=Random%20Squad&obs=
AKarlsson(Swe)#1,rebelalliance,3,8,4,11,25,2.6666666666666665,https://raithos.github.io/?f=Rebel%20Alliance&d=v8ZsZ200Z58X119W57W44W236Y38XW111W314W46W165W140Y80XW136WWWW&sn=Random%20Squad&obs=
AKarlsson(Swe)#2,scumandvillainy,4,7,9,11,26,3.25,https://raithos.github.io/?f=Scum%20and%20Villainy&d=v8ZsZ200Z83X116W113W232WWW94WW151Y129XW135WWWW236Y122XWWWWY303X&sn=Random%20Squad&obs=
Almost Brave#1,rebelalliance,4,7,10,9,21,3.75,https://raithos.github.io/?f=Rebel%20Alliance&d=v8ZsZ200Z23X132WW234W7WY25X132WW135W4WWWY50XW256WY16X&sn=Random%20Squad&obs=
Almost Brave#2,scumandvillainy,5,6,9,10,28,3.6,https://raithos.github.io/?f=Scum%20and%20Villainy&d=v8ZsZ200Z95X116W20W108Y85XWWW76WWWW164Y135XWWY93XWW249Y86XWWWWWWW&sn=Random%20Squad&obs=
Andrew#1,scumandvillainy,5,10,10,11,25,3.0,https://raithos.github.io/?f=Scum%20and%20Villainy&d=v8ZsZ200Z134X133WWY131X123WW98W2WW110Y95X123W62W249Y156X132WW95WY94XWW&sn=Random%20Squad&obs=
Andrew#2,galacticempire,3,8,5,8,20,3.6666666666666665,https://raithos.github.io/?f=Galactic%20Empire&d=v8ZsZ200Z185X24W33W249Y180X122W236WY191X113W134W102W98WW70W69W&sn=Random%20Squad&obs=
Android#1,firstorder,5,4,14,13,22,3.8,https://raithos.github.io/?f=First%20Order&d=v8ZsZ200Z382X118W186WW106Y261XWY268XWY243X116WWWWWY262XWW&sn=Random%20Squad&obs=
Android#2,rebelalliance,3,1,6,10,24,3.0,https://raithos.github.io/?f=Rebel%20Alliance&d=v8ZsZ200Z59XWW23WY41XWWWWWY21XWWWW&sn=Random%20Squad&obs=
Antigrapist#1,separatistalliance,5,9,10,12,23,2.2,https://raithos.github.io/?f=Separatist%20Alliance&d=v8ZsZ200Z324XW99W70W165W237Y306X117W222WW229Y327XWWWW237Y344X123WWWY279XWW&sn=Random%20Squad&obs=
Antigrapist#2,scumandvillainy,4,9,8,11,25,2.5,https://raithos.github.io/?f=Scum%20and%20Villainy&d=v8ZsZ200Z128X62W96W93WW160Y86X133W138W134WWW317W95W105Y247XWY159XWW&sn=Random%20Squad&obs=
arctic_rogue#1,scumandvillainy,3,5,6,11,27,3.3333333333333335,https://raithos.github.io/?f=Scum%20and%20Villainy&d=v8ZsZ200Z130X120W134W102WWWY81XW114WWWWWWY127XWWW92WW&sn=Random%20Squad&obs=
arctic_rogue#2,rebelalliance,4,7,8,12,25,3.25,https://raithos.github.io/?f=Rebel%20Alliance&d=v8ZsZ200Z14X73WY46XWW30W109WW156Y38XW114WWW108W140Y79XWWWWW&sn=Random%20Squad&obs=
Armytuba#1,separatistalliance,5,10,9,11,26,2.2,https://raithos.github.io/?f=Separatist%20Alliance&d=v8ZsZ200Z328XWWW237Y329XWW102W236W237Y343X98W208W165Y335XWWWW59W316WWW220Y279XWW&sn=Random%20Squad&obs=
Armytuba#2,resistance,4,9,7,10,26,4.0,https://raithos.github.io/?f=Resistance&d=v8ZsZ200Z351X115WWWWW54WW109Y298X118WWW175WW171W232Y256XW195WW175WWWY345XWWW&sn=Random%20Squad&obs=
Azaghal#1,scumandvillainy,4,4,9,13,23,2.5,https://raithos.github.io/?f=Scum%20and%20Villainy&d=v8ZsZ200Z98XW135Y106XWWWWW93WWY143XWW70WWY159XW94W&sn=Random%20Squad&obs=
Azaghal#2,firstorder,3,11,8,10,14,4.333333333333333,https://raithos.github.io/?f=First%20Order&d=v8ZsZ200Z382X117W318W311WY383X117W177W98W166Y242X132WW100W86WW108&sn=Random%20Squad&obs=
BaldWookie#1,firstorder,4,6,8,14,28,2.75,https://raithos.github.io/?f=First%20Order&d=v8ZsZ200Z269X177WY289XWW183WWW13W113WY397XWWW182WWY259XWWW111W&sn=Random%20Squad&obs=
BaldWookie#2,resistance,3,9,4,7,25,4.333333333333333,https://raithos.github.io/?f=Resistance&d=v8ZsZ200Z245X126WW53W173WWWWY347XW13WWW244W196W165Y378XW101WWW105WW315&sn=Random%20Squad&obs=
balindamood#1,scumandvillainy,4,8,11,9,20,3.0,https://raithos.github.io/?f=Scum%20and%20Villainy&d=v8ZsZ200Z150X132W111W234W165WY248XW249Y116XW134WWWWWW159WY247XW166&sn=Random%20Squad&obs=
balindamood#2,resistance,4,11,7,11,26,1.5,https://raithos.github.io/?f=Resistance&d=v8ZsZ200Z380X101W5W91WWW315Y291XW206W30W76W90W235WWY348XW243W249Y350XWWW106&sn=Random%20Squad&obs=
Basscor#1,firstorder,3,12,6,10,22,2.6666666666666665,https://raithos.github.io/?f=First%20Order&d=v8ZsZ200Z281X177W186W179W180W53W232W113WY267X116W186W236Y242X131WW99W86W240W109&sn=Random%20Squad&obs=
Basscor#2,galacticrepublic,4,6,8,8,20,3.0,https://raithos.github.io/?f=Galactic%20Republic&d=v8ZsZ200Z332X119W113W252W234Y323XWWY330XW213W234Y333XWWW&sn=Random%20Squad&obs=
Ben#1,galacticempire,4,10,8,12,26,2.5,https://raithos.github.io/?f=Galactic%20Empire&d=v8ZsZ200Z213XW69W166Y163XW114W234WWWY177XW240W98WY167XW232WW38W106W162&sn=Random%20Squad&obs=
Ben#2,rebelalliance,3,2,3,9,32,4.666666666666667,https://raithos.github.io/?f=Rebel%20Alliance&d=v8ZsZ200Z46X124W70WWWWY61XWWWWWWWWY44XWWWWWWW&sn=Random%20Squad&obs=
bevicadarn#1,resistance,4,9,7,9,27,3.75,https://raithos.github.io/?f=Resistance&d=v8ZsZ200Z377X123W99W195WW236WW315Y380XW6WW165WWY244XWW37WWWWW193Y345XWWW&sn=Random%20Squad&obs=
bevicadarn#2,galacticempire,4,6,10,8,20,3.75,https://raithos.github.io/?f=Galactic%20Empire&d=v8ZsZ200Z176X114W100W166Y173XW240WWY188XW137WWW86WY187XWWWWW&sn=Random%20Squad&obs=
Bibi#1,firstorder,4,2,10,14,20,4.5,https://raithos.github.io/?f=First%20Order&d=v8ZsZ200Z285X119WWWWWY383X123WWWY382XWWWY243XWWWWW&sn=Random%20Squad&obs=
Bibi#2,separatistalliance,4,5,9,13,17,3.0,https://raithos.github.io/?f=Separatist%20Alliance&d=v8ZsZ200Z307X220WW229Y357X248WY305XWWWY279XW208W165&sn=Random%20Squad&obs=
Biggsy#1,resistance,4,10,8,8,24,3.0,https://raithos.github.io/?f=Resistance&d=v8ZsZ200Z377X126WW2WWW108W315Y387X131WWWY379XW188WWW164WY346XWW136W54WWW105&sn=Random%20Squad&obs=
Biggsy#2,firstorder,4,3,8,14,28,4.25,https://raithos.github.io/?f=First%20Order&d=v8ZsZ200Z242XWWW76WW166Y243XWWWWW106Y266XWWY288XWWWWWWW&sn=Random%20Squad&obs=
BittyBumbo#1,scumandvillainy,4,11,7,10,28,3.75,https://raithos.github.io/?f=Scum%20and%20Villainy&d=v8ZsZ200Z133XW247WY145X127WW20W80WW317WWY144XW137WW86W71W70W110W149WW8Y158XWWW&sn=Random%20Squad&obs=
BittyBumbo#2,rebelalliance,3,9,5,9,25,3.0,https://raithos.github.io/?f=Rebel%20Alliance&d=v8ZsZ200Z1X135W0WW142Y1XWW164W142Y393X251W99WWW54W109W108W&sn=Random%20Squad&obs=
blairbunke#1,rebelalliance,4,3,7,11,22,4.0,https://raithos.github.io/?f=Rebel%20Alliance&d=v8ZsZ200Z58X123WWWY67XWWW137WY55XWWY4XWWWW142&sn=Random%20Squad&obs=
blairbunke#2,firstorder,5,3,13,12,28,3.0,https://raithos.github.io/?f=First%20Order&d=v8ZsZ200Z263X115WWY265XWY264XW186WY289XWWWWW11WWY262XWW&sn=Random%20Squad&obs=
bluerook17#1,firstorder,4,6,12,10,18,2.5,https://raithos.github.io/?f=First%20Order&d=v8ZsZ200Z383X133W206WWY237X115W206WWY269XW165Y290X206W&sn=Random%20Squad&obs=
bluerook17#2,rebelalliance,5,3,14,12,24,3.0,https://raithos.github.io/?f=Rebel%20Alliance&d=v8ZsZ200Z23XWWW4WY16X109Y51XWWY31XWWWWW140Y15X&sn=Random%20Squad&obs=
Bluetricycle#1,scumandvillainy,4,3,8,12,28,2.25,https://raithos.github.io/?f=Scum%20and%20Villainy&d=v8ZsZ200Z128X37W93W94W166WY143XWWWWY86XWWWWWWWY151XWWW&sn=Random%20Squad&obs=
Bluetricycle#2,galacticrepublic,3,10,5,6,20,4.333333333333333,https://raithos.github.io/?f=Galactic%20Republic&d=v8ZsZ200Z359X251W137W135W76W226WW249Y360X123W137WWW233WWY274XWW201W&sn=Random%20Squad&obs=
BobbySapphire#1,galacticempire,5,8,13,12,21,3.0,https://raithos.github.io/?f=Galactic%20Empire&d=v8ZsZ200Z163X122W113WWW108W144WY201XW111WW236Y182X165WY225X122WY223XW&sn=Random%20Squad&obs=
BobbySapphire#2,separatistalliance,5,5,11,15,20,2.6,https://raithos.github.io/?f=Separatist%20Alliance&d=v8ZsZ200Z306X228WW109W229Y308X239WWY356X126WY279XWWY311XWW&sn=Random%20Squad&obs=
bri#1,rebelalliance,4,4,7,9,30,2.25,https://raithos.github.io/?f=Rebel%20Alliance&d=v8ZsZ200Z20X135WW97WW18W71W69WY45XWWWWWWY53XWY54XWW&sn=Random%20Squad&obs=
bri#2,separatistalliance,3,7,6,11,19,4.333333333333333,https://raithos.github.io/?f=Separatist%20Alliance&d=v8ZsZ200Z358XW248Y306X118W239WWY272X199W10WWWWW165W216W&sn=Random%20Squad&obs=
B_Squidgy#1,scumandvillainy,4,4,10,11,24,2.5,https://raithos.github.io/?f=Scum%20and%20Villainy&d=v8ZsZ200Z124XWWWWY83XW113WW11W68WWW151Y150XWWWWY143XWWWW&sn=Random%20Squad&obs=
B_Squidgy#2,rebelalliance,5,7,8,10,30,2.2,https://raithos.github.io/?f=Rebel%20Alliance&d=v8ZsZ200Z18X234W101W99WW17WW235WY56X116WW236Y56XWWY56XWWY20XWW97WWWWW&sn=Random%20Squad&obs=
canyonero#1,rebelalliance,3,5,3,10,30,3.3333333333333335,https://raithos.github.io/?f=Rebel%20Alliance&d=v8ZsZ200Z73XWW11WW135WWY392XWWWWW51WWWY36XWWW314WW140&sn=Random%20Squad&obs=
canyonero#2,resistance,4,8,6,11,30,2.25,https://raithos.github.io/?f=Resistance&d=v8ZsZ200Z352X198WW135W59W53W197WY389XW113WWWW86WWWY348X177WWY379XWWWW108W&sn=Random%20Squad&obs=
Carl Tinsley#1,firstorder,4,6,12,10,18,3.5,https://raithos.github.io/?f=First%20Order&d=v8ZsZ200Z233X115WW164Y261XWY384X132W206W101WY283XW177WW&sn=Random%20Squad&obs=
Carl Tinsley#2,scumandvillainy,5,12,9,11,26,2.4,https://raithos.github.io/?f=Scum%20and%20Villainy&d=v8ZsZ200Z95X125W53W247Y230XW317WW165WW156Y129X115WWW9W91W109Y156X116WW94WY96X&sn=Random%20Squad&obs=
casperionx#1,firstorder,4,7,10,10,24,2.5,https://raithos.github.io/?f=First%20Order&d=v8ZsZ200Z281XW202W179W54W53W11W113WY261X177W108Y266XWWY268X318W&sn=Random%20Squad&obs=
casperionx#2,galacticempire,3,9,5,11,21,4.333333333333333,https://raithos.github.io/?f=Galactic%20Empire&d=v8ZsZ200Z167X111W10WW49W106WY183X127W30W14W166Y179X126W108W&sn=Random%20Squad&obs=
CatchySlim#1,galacticempire,3,7,2,11,34,2.0,https://raithos.github.io/?f=Galactic%20Empire&d=v8ZsZ200Z168XW12WW53W164W162Y185X60WWY215X256WWWWW76WWW&sn=Random%20Squad&obs=
CatchySlim#2,scumandvillainy,4,11,7,9,28,2.75,https://raithos.github.io/?f=Scum%20and%20Villainy&d=v8ZsZ200Z135X115W106W311Y94X123W63W165Y152X132W232WW59WWWW108W150Y88XWWWWWW&sn=Random%20Squad&obs=
ChaosHat#1,firstorder,3,9,7,9,20,3.6666666666666665,https://raithos.github.io/?f=First%20Order&d=v8ZsZ200Z381X131WW102W236Y289X206WW183W194WW232W240WY261X202W247&sn=Random%20Squad&obs=
ChaosHat#2,rebelalliance,4,7,8,11,23,1.5,https://raithos.github.io/?f=Rebel%20Alliance&d=v8ZsZ200Z68XW105W138W167Y49XWW165WWY41XWW41W164WW92Y57XW&sn=Random%20Squad&obs=
Chemical Jedi#1,rebelalliance,4,7,7,8,25,2.75,https://raithos.github.io/?f=Rebel%20Alliance&d=v8ZsZ200Z48X124W70W46W108W165W156Y20XWWW76WWWWY14X74WY28XWWWWWW&sn=Random%20Squad&obs=
Chemical Jedi#2,galacticrepublic,4,8,10,8,18,3.75,https://raithos.github.io/?f=Galactic%20Republic&d=v8ZsZ200Z323X240W241W135Y333X116WWW134Y313XW4W200WY274XW2WW&sn=Random%20Squad&obs=
Chris Allen#1,firstorder,3,6,6,11,24,2.3333333333333335,https://raithos.github.io/?f=First%20Order&d=v8ZsZ200Z386X177WW98Y289XWW32WW180W12W111WY259XWWWW109&sn=Random%20Squad&obs=
Chris Allen#2,separatistalliance,4,9,7,10,23,2.5,https://raithos.github.io/?f=Separatist%20Alliance&d=v8ZsZ200Z335X131W10WW54W32W317W106W216WY307X220WW229Y327XWWW236WY311XWW&sn=Random%20Squad&obs=
Chris Langland#1,rebelalliance,3,7,7,8,18,4.333333333333333,https://raithos.github.io/?f=Rebel%20Alliance&d=v8ZsZ200Z39X127W100W84WW164WWY55X118W99W249Y50XWW&sn=Random%20Squad&obs=
Chris Langland#2,firstorder,4,2,10,12,26,1.75,https://raithos.github.io/?f=First%20Order&d=v8ZsZ200Z386XWW102Y265X202WY384XWWWY281XWWWWWWW&sn=Random%20Squad&obs=
Chrisburnett#1,rebelalliance,4,7,8,11,22,3.5,https://raithos.github.io/?f=Rebel%20Alliance&d=v8ZsZ200Z49X69W46W109WW156Y55X116W99WY51X131WWY77XWWWWW&sn=Random%20Squad&obs=
Chrisburnett#2,scumandvillainy,6,6,11,13,30,2.6666666666666665,https://raithos.github.io/?f=Scum%20and%20Villainy&d=v8ZsZ200Z94X256WWY145X115WWW78WWW110WY157XW98WWY93XWWY95XWW247Y96X&sn=Random%20Squad&obs=
Christopher Patrick#1,firstorder,4,6,10,14,20,3.75,https://raithos.github.io/?f=First%20Order&d=v8ZsZ200Z259X318WWW113WY397XWWW182W114WY382X125WWWY384X115WWW&sn=Random%20Squad&obs=
Christopher Patrick#2,galacticrepublic,4,3,8,8,22,3.5,https://raithos.github.io/?f=Galactic%20Republic&d=v8ZsZ200Z275XWW201WY365XWWWW233W316WY330XWWY333XWWW&sn=Random%20Squad&obs=
ChunkyWeevil#1,resistance,5,3,7,13,38,2.6,https://raithos.github.io/?f=Resistance&d=v8ZsZ200Z292XWW246WWW316WWY351XWWWWWWWY349XWWWY346XWWWW245WWY380XWWWWW&sn=Random%20Squad&obs=
ChunkyWeevil#2,separatistalliance,5,8,10,11,23,3.4,https://raithos.github.io/?f=Separatist%20Alliance&d=v8ZsZ200Z325X112WWW165W237Y326X136W101W71WWY305X119WWWY309X311WWY327XWWWW&sn=Random%20Squad&obs=
cmveas#1,galacticrepublic,4,10,6,8,26,3.5,https://raithos.github.io/?f=Galactic%20Republic&d=v8ZsZ200Z361X137W234W76W213WW109Y318X115W99W108Y332X125WWWY366X129WWWWWW&sn=Random%20Squad&obs=
cmveas#2,scumandvillainy,4,4,11,10,21,3.5,https://raithos.github.io/?f=Scum%20and%20Villainy&d=v8ZsZ200Z82XWW12WWWWWY143XWWWW106Y132XWW135Y101XW135&sn=Random%20Squad&obs=
CraftedRed#1,firstorder,3,7,6,11,22,4.0,https://raithos.github.io/?f=First%20Order&d=v8ZsZ200Z397X122W186WW86W240W109Y383XWWWY289X185W186WW183WWWW&sn=Random%20Squad&obs=
CraftedRed#2,resistance,3,5,4,11,30,2.6666666666666665,https://raithos.github.io/?f=Resistance&d=v8ZsZ200Z260X111W206WWW86W68W235WY258XWW175WWWY245XWWWWWWW&sn=Random%20Squad&obs=
Cropduster#1,galacticempire,4,4,12,8,19,4.0,https://raithos.github.io/?f=Galactic%20Empire&d=v8ZsZ200Z175X127WW101W106Y176XWWY173XW112WWY172XWW&sn=Random%20Squad&obs=
Cropduster#2,scumandvillainy,4,9,8,10,29,3.0,https://raithos.github.io/?f=Scum%20and%20Villainy&d=v8ZsZ200Z144X125W137WWWW316W110W149WWY304X164Y82X116WWWW317WWWY87XWWW88WWWW&sn=Random%20Squad&obs=
ctsjohnz#1,resistance,4,7,6,9,27,3.5,https://raithos.github.io/?f=Resistance&d=v8ZsZ200Z345X123W186W54W105Y231XW4WW175WWWY351XWWWWWWWY346XWWWW231WW&sn=Random%20Squad&obs=
ctsjohnz#2,galacticrepublic,6,2,11,12,35,3.1666666666666665,https://raithos.github.io/?f=Galactic%20Republic&d=v8ZsZ200Z316X119WWY320X116WWY361XWWWWWY360XWWWWWWY276XWWWY320XWW&sn=Random%20Squad&obs=
cubsfan4life#1,resistance,4,6,6,9,29,2.75,https://raithos.github.io/?f=Resistance&d=v8ZsZ200Z378XW101WWW249WW315Y350XWWWY246XWW173W37W90W93WWY346XWWWWWW&sn=Random%20Squad&obs=
cubsfan4life#2,separatistalliance,5,8,11,14,22,2.8,https://raithos.github.io/?f=Separatist%20Alliance&d=v8ZsZ200Z356XWY308XW207W229Y325XW71WW165W237Y326X135W311WWW237Y337XWW&sn=Random%20Squad&obs=
Czarcasm#1,resistance,3,8,4,10,27,3.3333333333333335,https://raithos.github.io/?f=Resistance&d=v8ZsZ200Z349X132W178W173WY245X124W100WWWW93WWY260XWWWW189W235W69W&sn=Random%20Squad&obs=
Czarcasm#2,galacticrepublic,4,8,7,11,24,3.25,https://raithos.github.io/?f=Galactic%20Republic&d=v8ZsZ200Z331XW114WW134Y315X119WW108Y330XW213W134Y338X115WWW225WW&sn=Random%20Squad&obs=
Dale_C#1,rebelalliance,3,10,6,8,22,3.6666666666666665,https://raithos.github.io/?f=Rebel%20Alliance&d=v8ZsZ200Z44XW102W84WWW108W110WY12X93W131W135WW165W142Y13X125W106&sn=Random%20Squad&obs=
Dale_C#2,galacticrepublic,3,14,4,6,21,4.333333333333333,https://raithos.github.io/?f=Galactic%20Republic&d=v8ZsZ200Z365XW137W135W88W233W69W105Y359X72W137W135W86W6W317W249Y317X122WW&sn=Random%20Squad&obs=
Daniel lim -isophane#1,firstorder,3,4,7,10,22,3.3333333333333335,https://raithos.github.io/?f=First%20Order&d=v8ZsZ200Z386X177W234W101Y382XWW101WY289XWWWWWWW&sn=Random%20Squad&obs=
Daniel lim -isophane#2,rebelalliance,4,2,7,12,27,4.75,https://raithos.github.io/?f=Rebel%20Alliance&d=v8ZsZ200Z50XWW98Y55XWWY69XWWWWY61XWWWWWW110WW&sn=Random%20Squad&obs=
Darth Natcho#1,firstorder,4,7,9,12,26,2.75,https://raithos.github.io/?f=First%20Order&d=v8ZsZ200Z288X318W185W30WW194W11W240WY235X181W206WY397XWW101WWWY268XW&sn=Random%20Squad&obs=
Darth Natcho#2,separatistalliance,4,4,9,15,23,3.5,https://raithos.github.io/?f=Separatist%20Alliance&d=v8ZsZ200Z354X132W133Y272XWW136WWW221WW216WY354XWY324XWWWW&sn=Random%20Squad&obs=
DavinFelth#1,galacticempire,4,8,8,9,23,4.0,https://raithos.github.io/?f=Galactic%20Empire&d=v8ZsZ200Z181X115W164W165Y187XW138W99W101W86W236Y191XWWWWW69WWY207X119WWWWWWW&sn=Random%20Squad&obs=
DavinFelth#2,scumandvillainy,6,6,11,14,34,2.3333333333333335,https://raithos.github.io/?f=Scum%20and%20Villainy&d=v8ZsZ200Z145XW138WW88W69W71WW149WW6Y304XY158XWWW247Y130XWWWWWY158XWWWY96X&sn=Random%20Squad&obs=
dbldown11#1,galacticempire,3,9,6,7,23,4.0,https://raithos.github.io/?f=Galactic%20Empire&d=v8ZsZ200Z191X113W135WWWWW317W165Y162XW240WW102WW144WY197XW112W12W&sn=Random%20Squad&obs=
dbldown11#2,separatistalliance,3,8,4,9,25,2.3333333333333335,https://raithos.github.io/?f=Separatist%20Alliance&d=v8ZsZ200Z336X232WW59WW317WWWY334XWW234WWWW164W216WY308X223WW229&sn=Random%20Squad&obs=
Des Darklighter#1,galacticempire,3,6,3,11,30,3.6666666666666665,https://raithos.github.io/?f=Galactic%20Empire&d=v8ZsZ200Z165XW11W15W26W165WY396X133WWWWWW71W249WY212XWWW&sn=Random%20Squad&obs=
Des Darklighter#2,galacticrepublic,4,7,7,11,26,3.5,https://raithos.github.io/?f=Galactic%20Republic&d=v8ZsZ200Z342XWWW86WW165Y365X123WW234WWWW108Y321XWY275X212WW200W&sn=Random%20Squad&obs=
Desco34_NES#1,galacticrepublic,4,10,8,8,22,3.25,https://raithos.github.io/?f=Galactic%20Republic&d=v8ZsZ200Z320X127W99W164Y313XW6W201WY364X118W137W135WW6WW247Y318XWW&sn=Random%20Squad&obs=
Desco34_NES#2,firstorder,3,8,7,9,22,3.6666666666666665,https://raithos.github.io/?f=First%20Order&d=v8ZsZ200Z289X202W177W194W183W53W11W114W108Y264X118WW249Y287XW186WW&sn=Random%20Squad&obs=
donfonni#1,firstorder,3,5,7,9,22,3.3333333333333335,https://raithos.github.io/?f=First%20Order&d=v8ZsZ200Z238X186W177WW184WWW111WY287X133WWW101Y264XWW&sn=Random%20Squad&obs=
donfonni#2,galacticrepublic,4,6,7,11,26,3.0,https://raithos.github.io/?f=Galactic%20Republic&d=v8ZsZ200Z323X113WWY274X74W213W200WY342XWW254W89WWY362XWWWWWW&sn=Random%20Squad&obs=
Doratakus#1,firstorder,4,4,8,14,28,3.75,https://raithos.github.io/?f=First%20Order&d=v8ZsZ200Z262XWW109Y289XWWW180WWWWY285X133WWW182WWY397XWWWWW&sn=Random%20Squad&obs=
Doratakus#2,scumandvillainy,5,7,10,12,25,2.4,https://raithos.github.io/?f=Scum%20and%20Villainy&d=v8ZsZ200Z102X134Y130XW136WW1W95W110Y157XWWW105Y159XWW108Y93XWW&sn=Random%20Squad&obs=
Dragoon#1,separatistalliance,4,7,8,13,22,2.5,https://raithos.github.io/?f=Separatist%20Alliance&d=v8ZsZ200Z305X228W239WW229Y353X126Y336X232W136WW218WWWWY310XWW&sn=Random%20Squad&obs=
Dragoon#2,scumandvillainy,4,2,8,10,23,4.0,https://raithos.github.io/?f=Scum%20and%20Villainy&d=v8ZsZ200Z141XW45WWWY97XW234Y129XWWWWWY113XWWWWWW&sn=Random%20Squad&obs=
Dudeseph_____#1,scumandvillainy,4,5,8,10,27,3.0,https://raithos.github.io/?f=Scum%20and%20Villainy&d=v8ZsZ200Z140XW178W37W71W94WY81XWWWWWWW151Y109XWWWWWY230XWWWWW&sn=Random%20Squad&obs=
Dudeseph_____#2,galacticrepublic,4,7,6,11,27,3.5,https://raithos.github.io/?f=Galactic%20Republic&d=v8ZsZ200Z317XWW108Y333X116W112WWY280X136WW86WW249Y360XWW234WWWW&sn=Random%20Squad&obs=
duhtch#1,scumandvillainy,5,4,11,12,28,3.4,https://raithos.github.io/?f=Scum%20and%20Villainy&d=v8ZsZ200Z113XWW68WWW236WY83XW240WWWWWW151Y140XWWWWWY121XWWWWWY96X&sn=Random%20Squad&obs=
duhtch#2,galacticrepublic,3,9,5,12,22,3.6666666666666665,https://raithos.github.io/?f=Galactic%20Republic&d=v8ZsZ200Z313X212W2WW105Y341X234W54W89W226WY338XW134WWW214W&sn=Random%20Squad&obs=
Duke of Hobbies#1,rebelalliance,4,8,8,8,20,3.25,https://raithos.github.io/?f=Rebel%20Alliance&d=v8ZsZ200Z17X136W98W100W77W18WW316W247Y15X165Y54XW311WY56XWW&sn=Random%20Squad&obs=
Duke of Hobbies#2,galacticrepublic,4,5,8,11,23,3.5,https://raithos.github.io/?f=Galactic%20Republic&d=v8ZsZ200Z322X116WW2WY332XW111W2WY341XWWWW247Y275XWWW&sn=Random%20Squad&obs=
Earthworm#1,rebelalliance,3,5,5,8,29,1.3333333333333333,https://raithos.github.io/?f=Rebel%20Alliance&d=v8ZsZ200Z16XY45X98WW54W58WW164W154Y45X99WWWWWW&sn=Random%20Squad&obs=
Earthworm#2,galacticempire,4,3,8,10,23,4.25,https://raithos.github.io/?f=Galactic%20Empire&d=v8ZsZ200Z223XW164Y184XW33WWY192XW135WWWWWWY179XWW&sn=Random%20Squad&obs=
enigmahfc#1,scumandvillainy,4,2,8,9,30,3.5,https://raithos.github.io/?f=Scum%20and%20Villainy&d=v8ZsZ200Z83XWWWWWWWY247XWY89XWW32W43WWWWY88XWWWW71WW&sn=Random%20Squad&obs=
enigmahfc#2,rebelalliance,3,8,6,8,19,2.6666666666666665,https://raithos.github.io/?f=Rebel%20Alliance&d=v8ZsZ200Z40X102W90WW157W94Y56X256W99W165Y48XWWW249WW&sn=Random%20Squad&obs=
Epyonic#1,resistance,4,11,6,9,27,3.5,https://raithos.github.io/?f=Resistance&d=v8ZsZ200Z245X133WWW30W88WWW193Y351X119W186W10WW230WW190WY348XW231W236Y345XWWW&sn=Random%20Squad&obs=
Epyonic#2,galacticempire,4,7,9,10,19,3.5,https://raithos.github.io/?f=Galactic%20Empire&d=v8ZsZ200Z204X133WW98WWW67WWY180XW249W108Y395XWWWY203XW136WW311WWWW106&sn=Random%20Squad&obs=
EvanPaul#1,firstorder,3,6,7,10,22,3.3333333333333335,https://raithos.github.io/?f=First%20Order&d=v8ZsZ200Z383XW202WW109Y283XW202WW102Y289XWWW179WWWW108&sn=Random%20Squad&obs=
EvanPaul#2,separatistalliance,4,9,9,13,19,3.25,https://raithos.github.io/?f=Separatist%20Alliance&d=v8ZsZ200Z344X127WW164W229Y354X123W126Y344X127W222WWY328X114WW108W237&sn=Random%20Squad&obs=
Evcameron#1,firstorder,3,9,6,11,24,2.6666666666666665,https://raithos.github.io/?f=First%20Order&d=v8ZsZ200Z385X181W186W98W86W114W108Y283X119WW234WY281X318WWWWWWW&sn=Random%20Squad&obs=
Evcameron#2,galacticrepublic,4,7,8,11,23,3.5,https://raithos.github.io/?f=Galactic%20Republic&d=v8ZsZ200Z341X134W32W227WW166Y314X74W5W200WY316XWWY320XWW&sn=Random%20Squad&obs=
fivepoingOMG#1,resistance,4,9,7,9,29,2.25,https://raithos.github.io/?f=Resistance&d=v8ZsZ200Z295X98WWW189WW109W193Y378XW311W6WWW109W315Y379XWW94WWWY380XWWWWW&sn=Random%20Squad&obs=
fivepoingOMG#2,galacticrepublic,4,6,8,8,22,4.0,https://raithos.github.io/?f=Galactic%20Republic&d=v8ZsZ200Z319X98W106Y318X126W311WY273X251WWWY366XWWWW226WW&sn=Random%20Squad&obs=
FlyingKiwi#1,scumandvillainy,4,6,7,9,32,3.0,https://raithos.github.io/?f=Scum%20and%20Villainy&d=v8ZsZ200Z89X131W311WWWW95WW152Y400X134WW43WWWWY110XWWWWWY248XW&sn=Random%20Squad&obs=
FlyingKiwi#2,resistance,4,9,6,9,29,2.0,https://raithos.github.io/?f=Resistance&d=v8ZsZ200Z346X178W11W134W53W61WW236Y348X206W243WY378X115WWWWWW315Y295XWWWWWW&sn=Random%20Squad&obs=
funwok#1,resistance,4,3,7,10,30,2.5,https://raithos.github.io/?f=Resistance&d=v8ZsZ200Z301X124W101WY246XWWWWWWWY345XW206WWY295XWWWWWW&sn=Random%20Squad&obs=
funwok#2,rebelalliance,4,7,8,11,22,2.75,https://raithos.github.io/?f=Rebel%20Alliance&d=v8ZsZ200Z49XWW107WW156Y80X126W134W18W84WW106Y54XWWY53XW&sn=Random%20Squad&obs=
Furious George #1,separatistalliance,4,9,7,10,23,2.0,https://raithos.github.io/?f=Separatist%20Alliance&d=v8ZsZ200Z336X10W136WW54WWW216WY324X134W100WWWY337XWW106Y305XW223WW229&sn=Random%20Squad&obs=
Furious George #2,rebelalliance,2,6,2,8,24,3.0,https://raithos.github.io/?f=Rebel%20Alliance&d=v8ZsZ200Z61XWWWWW52W110W87W148Y41XWW53WW157W&sn=Random%20Squad&obs=
Furious George#1,separatistalliance,4,9,7,10,23,2.0,https://raithos.github.io/?f=Separatist%20Alliance&d=v8ZsZ200Z336X10W136WW54WWW216WY324X134W100WWWY337XWW106Y305XW223WW229&sn=Random%20Squad&obs=
Furious George#2,rebelalliance,2,6,2,8,24,3.0,https://raithos.github.io/?f=Rebel%20Alliance&d=v8ZsZ200Z61XWWWWW52W110W87W148Y41XWW53WW157W&sn=Random%20Squad&obs=
Gamblertuba#1,separatistalliance,5,5,11,15,20,3.6,https://raithos.github.io/?f=Separatist%20Alliance&d=v8ZsZ200Z306XWWWY305XWWW229Y311XW208WY309X102W208WY358X124W&sn=Random%20Squad&obs=
Gamblertuba#2,rebelalliance,3,10,3,9,26,3.3333333333333335,https://raithos.github.io/?f=Rebel%20Alliance&d=v8ZsZ200Z75XW113W13W12WW106W313Y62XW111WW137W21W314WW86W148Y55X132WW&sn=Random%20Squad&obs=
Garran_Crowe#1,scumandvillainy,5,6,10,11,25,2.2,https://raithos.github.io/?f=Scum%20and%20Villainy&d=v8ZsZ200Z159X99WWY130XW136W98W8WW247Y112XWW69WWWWY304XY157XWWW&sn=Random%20Squad&obs=
Garran_Crowe#2,separatistalliance,4,5,6,10,26,2.25,https://raithos.github.io/?f=Separatist%20Alliance&d=v8ZsZ200Z343XWWY334XWW136W217WWW110WW239Y336XWWWW316WWWY279XWW&sn=Random%20Squad&obs=
Garrett J#1,firstorder,3,7,6,10,22,3.3333333333333335,https://raithos.github.io/?f=First%20Order&d=v8ZsZ200Z238X185W318W37W32WW12W114WY243XWWW76W113W236Y235XWW&sn=Random%20Squad&obs=
Garrett J#2,scumandvillainy,5,4,11,12,26,2.8,https://raithos.github.io/?f=Scum%20and%20Villainy&d=v8ZsZ200Z249XWY87XWWWWW68WW108Y120XWWW93WWY150XWWWW163WY95XWW&sn=Random%20Squad&obs=
GreenDragoon#1,galacticrepublic,4,7,10,8,18,3.75,https://raithos.github.io/?f=Galactic%20Republic&d=v8ZsZ200Z331X125WW2W135Y318X124WWY278XW214W200WY314XW233WW&sn=Random%20Squad&obs=
GreenDragoon#2,resistance,4,6,6,9,31,3.75,https://raithos.github.io/?f=Resistance&d=v8ZsZ200Z377XWW190W310W108W104WY245XWWW244WWWW193Y380XWWWWWY352XWWW61WWW&sn=Random%20Squad&obs=
Harri Sharp#1,galacticrepublic,4,4,7,11,26,4.0,https://raithos.github.io/?f=Galactic%20Republic&d=v8ZsZ200Z315XW102WY341X134WWWWY366XWWW86WWWY278X212WWW&sn=Random%20Squad&obs=
Harri Sharp#2,scumandvillainy,6,8,11,13,31,2.0,https://raithos.github.io/?f=Scum%20and%20Villainy&d=v8ZsZ200Z158X125W99WWY158X126W99W93WY230X43W71W94WWWY159XWWY145XWWWWWWWY159XWW&sn=Random%20Squad&obs=
Helpme87#1,resistance,5,12,10,11,27,2.2,https://raithos.github.io/?f=Resistance&d=v8ZsZ200Z380X101W2W95W166W108W315Y348X206WWY379X100W231W92WW108WY256X133WWW175WWWY345XWWW&sn=Random%20Squad&obs=
Helpme87#2,rebelalliance,3,8,5,7,25,4.0,https://raithos.github.io/?f=Rebel%20Alliance&d=v8ZsZ200Z393XW99W81W21WWWW154Y17XWWW88W32W317WW104Y13XW&sn=Random%20Squad&obs=
higgo#1,galacticrepublic,5,6,8,10,31,2.4,https://raithos.github.io/?f=Galactic%20Republic&d=v8ZsZ200Z317XWW106Y362XW137W136WW37WWY364XWWW225WWWY323XWW234Y319XW&sn=Random%20Squad&obs=
higgo#2,resistance,4,12,7,9,27,2.75,https://raithos.github.io/?f=Resistance&d=v8ZsZ200Z377XWW2W95WWW315Y380X101W197WWWWY347X198W232WW188W243WWY255X196WW175WW171W99&sn=Random%20Squad&obs=
Hobologist#1,scumandvillainy,4,4,8,11,28,3.25,https://raithos.github.io/?f=Scum%20and%20Villainy&d=v8ZsZ200Z122X102WWWWY84XWWW12WWW247WY88XWWWWWWY119XW98WWWW&sn=Random%20Squad&obs=
Hobologist#2,rebelalliance,4,8,6,10,26,3.5,https://raithos.github.io/?f=Rebel%20Alliance&d=v8ZsZ200Z56X115W311WY2X132W136W7W108W142Y58XWWWY25XWWW3WWW&sn=Random%20Squad&obs=
Hunter Borys#1,rebelalliance,4,4,6,10,27,3.5,https://raithos.github.io/?f=Rebel%20Alliance&d=v8ZsZ200Z20X134W99W98WWW235WWY12XWWWWW142Y58XWWWY55XWW&sn=Random%20Squad&obs=
Hunter Borys#2,firstorder,4,6,10,11,26,2.75,https://raithos.github.io/?f=First%20Order&d=v8ZsZ200Z265X202WY282XWWWW194W10WW106Y287XWW135WY235X132WW&sn=Random%20Squad&obs=
idletauntaun#1,scumandvillainy,4,7,9,12,22,3.75,https://raithos.github.io/?f=Scum%20and%20Villainy&d=v8ZsZ200Z127XWWWWW160Y98X125W134Y157XWW91WY156XW98W92W164&sn=Random%20Squad&obs=
idletauntaun#2,rebelalliance,4,4,6,12,28,3.25,https://raithos.github.io/?f=Rebel%20Alliance&d=v8ZsZ200Z64XWW137WW48WWWY47XWWWWWY70X75WWWW167Y55XWW&sn=Random%20Squad&obs=
jagsba#1,galacticrepublic,4,10,7,11,24,3.0,https://raithos.github.io/?f=Galactic%20Republic&d=v8ZsZ200Z320X125WW164Y332X116W240W5W135Y321X99W165Y339XW217W86WW&sn=Random%20Squad&obs=
jagsba#2,galacticempire,4,7,10,12,22,3.75,https://raithos.github.io/?f=Galactic%20Empire&d=v8ZsZ200Z174X128W112W98WY180X132WWY166X113W12WW60WWY171XWW&sn=Random%20Squad&obs=
Jamatang#1,resistance,5,6,8,11,33,2.6,https://raithos.github.io/?f=Resistance&d=v8ZsZ200Z347XW232WW54W246W190WY349XWWWY380XWWWWWY346XW12WWWW196WY297XWWW175WWW&sn=Random%20Squad&obs=
Jamatang#2,rebelalliance,3,6,4,9,23,4.333333333333333,https://raithos.github.io/?f=Rebel%20Alliance&d=v8ZsZ200Z46XW70W18WWW156Y61XWWWWWWWW148Y67XW19WW138W&sn=Random%20Squad&obs=
Jared Mackert#1,separatistalliance,4,8,7,10,23,2.5,https://raithos.github.io/?f=Separatist%20Alliance&d=v8ZsZ200Z335XWW136WW30WW165WW239Y344X131WWWY337X101WWY328X113WWW237&sn=Random%20Squad&obs=
Jared Mackert#2,resistance,3,7,4,13,31,3.3333333333333335,https://raithos.github.io/?f=Resistance&d=v8ZsZ200Z389XWW206WW86WWWW106Y291XWW188WWW67WWY252XW195WW175WWW&sn=Random%20Squad&obs=
JDLNZ#1,galacticrepublic,4,9,5,11,30,3.75,https://raithos.github.io/?f=Galactic%20Republic&d=v8ZsZ200Z364XWW234WWWW249Y366XW138W134W88W5WWY342X119WW30WWW108Y317XWW&sn=Random%20Squad&obs=
JDLNZ#2,separatistalliance,6,6,12,13,22,2.8333333333333335,https://raithos.github.io/?f=Separatist%20Alliance&d=v8ZsZ200Z309X100W208WY305XWWW229Y328XW223WWY337XWW109Y343XW208WY309XWW&sn=Random%20Squad&obs=
Jedi Oswald#1,rebelalliance,5,5,12,12,24,3.0,https://raithos.github.io/?f=Rebel%20Alliance&d=v8ZsZ200Z16X108Y391XWWW10WWW313Y15X106Y7XWWW142Y51XWW&sn=Random%20Squad&obs=
Jedi Oswald#2,galacticempire,5,4,13,13,22,2.2,https://raithos.github.io/?f=Galactic%20Empire&d=v8ZsZ200Z161XWW134W102W109WY212XWWWY182XWY182XW105Y178XWW&sn=Random%20Squad&obs=
Jeff W#1,firstorder,4,6,10,11,26,2.5,https://raithos.github.io/?f=First%20Order&d=v8ZsZ200Z265X177W236Y268X177WY251X202WWWWWW111W249Y283XWWW&sn=Random%20Squad&obs=
Jeff W#2,scumandvillainy,4,8,8,10,26,3.25,https://raithos.github.io/?f=Scum%20and%20Villainy&d=v8ZsZ200Z154X122WW101WWW88WWW150Y148XW112W234W236WY95X125WWY113XWWWWWW&sn=Random%20Squad&obs=
Jello_Knight#1,galacticrepublic,4,10,9,8,19,3.75,https://raithos.github.io/?f=Galactic%20Republic&d=v8ZsZ200Z331X116W240W6WY314X203W213W201W211Y316X123WWY317X124W101W&sn=Random%20Squad&obs=
Jello_Knight#2,resistance,4,5,8,9,27,3.5,https://raithos.github.io/?f=Resistance&d=v8ZsZ200Z387X125W131WW186Y380X102WWWWWY379XWWW165W166WY245XWWW243WWWW&sn=Random%20Squad&obs=
JM#1,scumandvillainy,4,12,6,9,26,2.5,https://raithos.github.io/?f=Scum%20and%20Villainy&d=v8ZsZ200Z88X138W135WW4W68W92W105Y141X178W48WW91W109Y158XW100WWY129X119WWWWW&sn=Random%20Squad&obs=
JM#2,resistance,4,2,7,12,31,3.25,https://raithos.github.io/?f=Resistance&d=v8ZsZ200Z250XWW231W76WWWWY245XWWWWWWWY301XWWY350XWWW&sn=Random%20Squad&obs=
JMcK#1,galacticempire,4,2,7,12,33,3.5,https://raithos.github.io/?f=Galactic%20Empire&d=v8ZsZ200Z219XWY215XWWW28W38WWW236WY171XWWY166XWWWWW&sn=Random%20Squad&obs=
JMcK#2,scumandvillainy,5,9,10,10,23,3.2,https://raithos.github.io/?f=Scum%20and%20Villainy&d=v8ZsZ200Z303X236Y86XWW134WW6W235W93WY156X116WW95W249Y158XWWW164Y94XWW&sn=Random%20Squad&obs=
Joel Springle#1,galacticempire,4,6,9,11,18,2.5,https://raithos.github.io/?f=Galactic%20Empire&d=v8ZsZ200Z209X132W76W68WY182X166W164Y186X60W26W108Y222XW&sn=Random%20Squad&obs=
Joel Springle#2,rebelalliance,3,5,4,10,28,2.3333333333333335,https://raithos.github.io/?f=Rebel%20Alliance&d=v8ZsZ200Z392XW136W111WWWWWW148Y24X114WWWY60X53W44W&sn=Random%20Squad&obs=
Josh#1,galacticrepublic,4,9,6,11,27,3.0,https://raithos.github.io/?f=Galactic%20Republic&d=v8ZsZ200Z366X119W137W234WWW69W249Y331X132WWW135Y341XWW88W2WY323XWW&sn=Random%20Squad&obs=
Josh#2,galacticempire,4,3,6,13,35,2.0,https://raithos.github.io/?f=Galactic%20Empire&d=v8ZsZ200Z216XWWWWWWW147Y167X112WWW27WWY213XWWY178XWW&sn=Random%20Squad&obs=
Jyico#1,galacticrepublic,4,8,6,11,27,2.0,https://raithos.github.io/?f=Galactic%20Republic&d=v8ZsZ200Z330X112WW135Y321X98W109Y362XWW135W225WWWY280XWWW214W164&sn=Random%20Squad&obs=
Jyico#2,firstorder,3,11,6,10,22,3.0,https://raithos.github.io/?f=First%20Order&d=v8ZsZ200Z242X256W178W99W182W112W106Y268X177W249Y289XWW184WW30WW112W108&sn=Random%20Squad&obs=
K-Rock#1,firstorder,3,8,5,10,28,2.3333333333333335,https://raithos.github.io/?f=First%20Order&d=v8ZsZ200Z281X177W318W37WW180W232W240WY235X132WW106Y282XW202WW59WWWW&sn=Random%20Squad&obs=
K-Rock#2,resistance,4,7,6,9,31,4.25,https://raithos.github.io/?f=Resistance&d=v8ZsZ200Z245XW99W173WWWWWY380X101W205WW104WW315Y351XWWWWWW312WY377XWWWWWW&sn=Random%20Squad&obs=
Katahdin44#1,scumandvillainy,5,10,11,10,27,3.4,https://raithos.github.io/?f=Scum%20and%20Villainy&d=v8ZsZ200Z89X121W102W30WW83WW106W152Y135X116WWY138X249WY398XWWW164Y94X127WW&sn=Random%20Squad&obs=
Katahdin44#2,resistance,4,9,8,8,22,3.5,https://raithos.github.io/?f=Resistance&d=v8ZsZ200Z347X186WW136W245W242W5W249Y350XWW53W108Y378X123WWWWWWY240XWW311W&sn=Random%20Squad&obs=
Kaz#1,scumandvillainy,4,5,9,11,21,3.25,https://raithos.github.io/?f=Scum%20and%20Villainy&d=v8ZsZ200Z94X123WW106Y150XW111WWW163WY124X100WWWWY119XWWWWW&sn=Random%20Squad&obs=
Kaz#2,galacticempire,4,3,9,11,22,2.75,https://raithos.github.io/?f=Galactic%20Empire&d=v8ZsZ200Z197XW240WW99Y208XWWWWWWY213XWWY201XWW86W&sn=Random%20Squad&obs=
Kckid07#1,galacticempire,4,4,10,10,23,3.0,https://raithos.github.io/?f=Galactic%20Empire&d=v8ZsZ200Z186X37W28W108Y174X115WWWY198X240WWY220XW&sn=Random%20Squad&obs=
Kckid07#2,galacticrepublic,4,5,6,11,27,3.0,https://raithos.github.io/?f=Galactic%20Republic&d=v8ZsZ200Z338XW136WW227WW109Y361XW136WWW68WY323XWWY331XWWW&sn=Random%20Squad&obs=
Kerbocat#1,galacticrepublic,4,5,5,11,30,3.5,https://raithos.github.io/?f=Galactic%20Republic&d=v8ZsZ200Z342X122WW54WW241W106Y321XW105Y362XWWWWWWY359XWWWWWW&sn=Random%20Squad&obs=
Kerbocat#2,scumandvillainy,5,10,10,11,29,3.0,https://raithos.github.io/?f=Scum%20and%20Villainy&d=v8ZsZ200Z96XY93X125W30WY154XWWWW22W79W93WW150Y142X206WW317W93WY132XW249W&sn=Random%20Squad&obs=
Le pirate non binaire #1,scumandvillainy,4,4,9,10,22,4.25,https://raithos.github.io/?f=Scum%20and%20Villainy&d=v8ZsZ200Z147X125WWWW163WY109X123WWWWW155WY132XWWY398XWWW&sn=Random%20Squad&obs=
Le pirate non binaire #2,rebelalliance,4,5,6,13,25,3.0,https://raithos.github.io/?f=Rebel%20Alliance&d=v8ZsZ200Z74X122W114WW11WWWY67X75WWWWY71XWWW4WY59XWWW&sn=Random%20Squad&obs=
Le pirate non binaire#1,scumandvillainy,4,4,9,10,22,4.25,https://raithos.github.io/?f=Scum%20and%20Villainy&d=v8ZsZ200Z147X125WWWW163WY109X123WWWWW155WY132XWWY398XWWW&sn=Random%20Squad&obs=
Le pirate non binaire#2,rebelalliance,4,5,6,13,25,3.0,https://raithos.github.io/?f=Rebel%20Alliance&d=v8ZsZ200Z74X122W114WW11WWWY67X75WWWWY71XWWW4WY59XWWW&sn=Random%20Squad&obs=
Lee 7 Suns#1,firstorder,3,7,7,10,20,2.6666666666666665,https://raithos.github.io/?f=First%20Order&d=v8ZsZ200Z384X133W177W99WY281X185WWWWW11W114WY383XW206WW&sn=Random%20Squad&obs=
Lee 7 Suns#2,rebelalliance,4,4,7,10,27,2.75,https://raithos.github.io/?f=Rebel%20Alliance&d=v8ZsZ200Z58XW65WW249Y49XWWWW156Y24X113WWWY28XWWWWWW&sn=Random%20Squad&obs=
Legionthree#1,scumandvillainy,4,1,7,12,32,2.75,https://raithos.github.io/?f=Scum%20and%20Villainy&d=v8ZsZ200Z122XWWWWY110XWWWWWY111XWW96WWY84XWWWWWWW&sn=Random%20Squad&obs=
Legionthree#2,rebelalliance,3,9,5,9,23,2.6666666666666665,https://raithos.github.io/?f=Rebel%20Alliance&d=v8ZsZ200Z45XWW21W17W236WW154Y71XWW249W2WY46X132W68WW105W249W156&sn=Random%20Squad&obs=
Liritar5203#1,galacticempire,5,3,10,13,34,2.4,https://raithos.github.io/?f=Galactic%20Empire&d=v8ZsZ200Z206XWW102WWW235WY178XWWY208XWWWWWWY165XWWW38WWY164XWWWW&sn=Random%20Squad&obs=
Liritar5203#2,separatistalliance,3,8,5,8,20,2.0,https://raithos.github.io/?f=Separatist%20Alliance&d=v8ZsZ200Z308XW165W229Y334XWW135W217W32WW166W216W223Y324XWW235WW&sn=Random%20Squad&obs=
Lonailan#1,galacticrepublic,4,5,6,11,27,3.75,https://raithos.github.io/?f=Galactic%20Republic&d=v8ZsZ200Z332XW113W6W134Y333XWWW234Y342XWWWWW164Y362XWWWWWW&sn=Random%20Squad&obs=
Lonailan#2,rebelalliance,4,5,7,11,24,3.75,https://raithos.github.io/?f=Rebel%20Alliance&d=v8ZsZ200Z67XWWWW167Y58X122WWWY52X126WWY391XWW11WW134WW&sn=Random%20Squad&obs=
Looryl Louie Qrygg#1,galacticempire,5,6,12,11,27,2.6,https://raithos.github.io/?f=Galactic%20Empire&d=v8ZsZ200Z171X203W112WY178X114WW247Y186XWWY162XWWWWW139WWY224XW105&sn=Random%20Squad&obs=
Looryl Louie Qrygg#2,rebelalliance,3,6,6,9,22,2.6666666666666665,https://raithos.github.io/?f=Rebel%20Alliance&d=v8ZsZ200Z55X127W98WY41XW87WW164WW92Y34XWWWWW140W&sn=Random%20Squad&obs=
Lord Cronal#1,galacticempire,4,8,7,9,26,3.5,https://raithos.github.io/?f=Galactic%20Empire&d=v8ZsZ200Z206XW102W100W88WWWY192XW134WW99WWW71WY205X133WWWWWW68W164Y202XWW&sn=Random%20Squad&obs=
Lord Cronal#2,firstorder,4,2,11,12,20,4.25,https://raithos.github.io/?f=First%20Order&d=v8ZsZ200Z266XW318WY284XW178WWY382XWWWY285XWWWWW&sn=Random%20Squad&obs=
Loud_Whisper#1,resistance,4,6,10,10,22,4.0,https://raithos.github.io/?f=Resistance&d=v8ZsZ200Z300XWWWY239XW124W98WY297XW190WW175WW171WY252XWWW175WWW&sn=Random%20Squad&obs=
Loud_Whisper#2,rebelalliance,3,8,6,7,19,4.0,https://raithos.github.io/?f=Rebel%20Alliance&d=v8ZsZ200Z24XWW3WY46XWWWWW156Y25X131W138W135WW108W69W86&sn=Random%20Squad&obs=
Luke Paulson#1,galacticempire,4,3,8,11,28,3.5,https://raithos.github.io/?f=Galactic%20Empire&d=v8ZsZ200Z167XWWWWWY162XW240WWW109WY173XW112WWY206XWWWWWW&sn=Random%20Squad&obs=
Luke Paulson#2,scumandvillainy,4,4,8,13,27,3.25,https://raithos.github.io/?f=Scum%20and%20Villainy&d=v8ZsZ200Z109XW240WWW165W155WY100XWY127XW62WWWWY158XWWW&sn=Random%20Squad&obs=
Malloc#1,galacticrepublic,4,5,9,8,21,3.5,https://raithos.github.io/?f=Galactic%20Republic&d=v8ZsZ200Z362X125WWWW54WWY314X250WWW166Y276XW2WWY333XWWW&sn=Random%20Squad&obs=
Malloc#2,rebelalliance,4,5,9,12,20,2.5,https://raithos.github.io/?f=Rebel%20Alliance&d=v8ZsZ200Z24XWWWY71XWWWW167Y66XWWW137WY48XWW56W105WW156&sn=Random%20Squad&obs=
Marc#1,rebelalliance,3,7,6,10,24,3.6666666666666665,https://raithos.github.io/?f=Rebel%20Alliance&d=v8ZsZ200Z71XWW106W2W167Y393X199WWW44W19WWWY23X122WW134WW&sn=Random%20Squad&obs=
Marc#2,scumandvillainy,4,9,6,9,34,1.75,https://raithos.github.io/?f=Scum%20and%20Villainy&d=v8ZsZ200Z118X135WWWW96W165WY88X137WWW5WWWY154XWW311W43W30WW92WW150Y143XWWWW&sn=Random%20Squad&obs=
Marcel GS#1,firstorder,3,5,6,11,22,4.0,https://raithos.github.io/?f=First%20Order&d=v8ZsZ200Z381X256WWW236Y288X177W206W194W53W59WW111WY385XWWWWW&sn=Random%20Squad&obs=
Marcel GS#2,scumandvillainy,4,6,7,9,28,3.5,https://raithos.github.io/?f=Scum%20and%20Villainy&d=v8ZsZ200Z113X124WWWW164W106WY129XWW99WWW236Y112XWWWWW164WY117XW234WWWWWW&sn=Random%20Squad&obs=
Martyn Chivers#1,firstorder,3,9,5,12,24,4.0,https://raithos.github.io/?f=First%20Order&d=v8ZsZ200Z288X185W177WW59W184W13W240W110Y242XWW100W88WW106Y243XWW101WWW&sn=Random%20Squad&obs=
Martyn Chivers#2,galacticempire,4,6,9,9,22,3.25,https://raithos.github.io/?f=Galactic%20Empire&d=v8ZsZ200Z169XW111W101Y184XW15WW166Y177XW240W311WY190XWWWW&sn=Random%20Squad&obs=
McDLT#1,separatistalliance,4,7,7,12,25,1.75,https://raithos.github.io/?f=Separatist%20Alliance&d=v8ZsZ200Z336X12WW219W53WW249W216WY306X124WWWY307X222WW229Y307XWW&sn=Random%20Squad&obs=
McDLT#2,rebelalliance,4,5,7,12,26,4.25,https://raithos.github.io/?f=Rebel%20Alliance&d=v8ZsZ200Z25XW137W135WWWWY13XW165Y80X123WWWWWY5XWWWW142&sn=Random%20Squad&obs=
MegaSilver#1,firstorder,3,8,7,10,20,3.3333333333333335,https://raithos.github.io/?f=First%20Order&d=v8ZsZ200Z384X118WW101WY289X202WW37WW32WW240WY383X125W177W98W&sn=Random%20Squad&obs=
MegaSilver#2,separatistalliance,4,13,8,12,20,2.5,https://raithos.github.io/?f=Separatist%20Alliance&d=v8ZsZ200Z343X224W208W164Y279X224W208W166Y336X10W234W32W53W68WW216W223Y354X115W255&sn=Random%20Squad&obs=
Merrick#1,galacticempire,4,9,6,10,28,2.5,https://raithos.github.io/?f=Galactic%20Empire&d=v8ZsZ200Z162XW114W135WW108W144WY186X49WWY183XW30WWY188X256W138WW102WW&sn=Random%20Squad&obs=
Merrick#2,scumandvillainy,4,2,6,12,34,3.5,https://raithos.github.io/?f=Scum%20and%20Villainy&d=v8ZsZ200Z86X115WWWWWWWY126XWWWWWY153XWWWWWW92WWY96X&sn=Random%20Squad&obs=
Michau#1,resistance,5,6,9,10,30,3.2,https://raithos.github.io/?f=Resistance&d=v8ZsZ200Z349X124W178WW249Y351XWW232WWWW5WY388XWWY378XW98WWWWWY347XWWWWWW&sn=Random%20Squad&obs=
Michau#2,firstorder,3,7,4,12,30,3.0,https://raithos.github.io/?f=First%20Order&d=v8ZsZ200Z282X177WWWW37W13W240WY242XW206W102W86WWY281XWWWWWWW&sn=Random%20Squad&obs=
mightynute#1,galacticrepublic,4,8,8,8,22,3.25,https://raithos.github.io/?f=Galactic%20Republic&d=v8ZsZ200Z332X133W113W233W136Y323XW252WY364XWWWWWW247Y275X203W214WW&sn=Random%20Squad&obs=
mightynute#2,rebelalliance,3,8,4,11,25,5.0,https://raithos.github.io/?f=Rebel%20Alliance&d=v8ZsZ200Z392XWWW137W57WW109W81W148Y9X130WWWW142Y69XWWWW167&sn=Random%20Squad&obs=
miguel#1,scumandvillainy,5,4,10,11,26,2.8,https://raithos.github.io/?f=Scum%20and%20Villainy&d=v8ZsZ200Z124XWWWWY113XWW317WW166W106W156Y85XWWWWW317WWY159XWWY248XW&sn=Random%20Squad&obs=
miguel#2,rebelalliance,3,6,4,10,26,4.666666666666667,https://raithos.github.io/?f=Rebel%20Alliance&d=v8ZsZ200Z55X122W311W164Y78X115W134WW77WWY42XWWWWWWW&sn=Random%20Squad&obs=
MistbornJedi#1,resistance,3,11,5,7,23,3.0,https://raithos.github.io/?f=Resistance&d=v8ZsZ200Z352XW13W134W53W54W205W236Y295XW242W30WW95W103W193Y239XW132WW198&sn=Random%20Squad&obs=
MistbornJedi#2,galacticrepublic,4,8,6,8,26,4.25,https://raithos.github.io/?f=Galactic%20Republic&d=v8ZsZ200Z359X251WWW76W4WWY366XW137W134WWW317W236Y321XWY315XWW105&sn=Random%20Squad&obs=
MJN248#1,resistance,3,7,4,8,26,4.0,https://raithos.github.io/?f=Resistance&d=v8ZsZ200Z351XW186WWW243W61WWY231X117W2WW175WW171W102Y295XWWWWWW&sn=Random%20Squad&obs=
MJN248#2,galacticempire,4,9,9,9,21,3.25,https://raithos.github.io/?f=Galactic%20Empire&d=v8ZsZ200Z161X115W240W136W101W164W139W134W311Y164XWWWW139W134WY212XW76WWY218XW&sn=Random%20Squad&obs=
Moriarity#1,firstorder,3,7,6,11,24,3.6666666666666665,https://raithos.github.io/?f=First%20Order&d=v8ZsZ200Z282XW202WW59W194W13W114WY283XW177W136WY242XW186WWWW&sn=Random%20Squad&obs=
Moriarity#2,rebelalliance,5,8,9,13,26,2.6,https://raithos.github.io/?f=Rebel%20Alliance&d=v8ZsZ200Z73XW113W12WW135WW313Y2XW234WW106W142Y56XWWY56XWWY68XW236WW&sn=Random%20Squad&obs=
mrdeeds#1,rebelalliance,3,4,6,10,22,3.6666666666666665,https://raithos.github.io/?f=Rebel%20Alliance&d=v8ZsZ200Z66XWWWW167Y39XWW88WWW157WY34XWWWWW140W&sn=Random%20Squad&obs=
mrdeeds#2,separatistalliance,5,4,9,12,28,2.2,https://raithos.github.io/?f=Separatist%20Alliance&d=v8ZsZ200Z329XWW98WW237Y325XWWWWY307XWW229Y309XWWY334XWWWW37WWWW&sn=Random%20Squad&obs=
Mu0n#1,rebelalliance,4,9,7,10,24,3.0,https://raithos.github.io/?f=Rebel%20Alliance&d=v8ZsZ200Z74XW113W12W10W136W166W313Y16XY75XW114WW10W135WWY48XWWW107WW&sn=Random%20Squad&obs=
Mu0n#2,galacticrepublic,4,7,10,8,18,4.5,https://raithos.github.io/?f=Galactic%20Republic&d=v8ZsZ200Z320X126W100WY315X125W101WY273X251W252WWY312XWW200W&sn=Random%20Squad&obs=
Niklas God#1,scumandvillainy,5,4,9,12,31,2.6,https://raithos.github.io/?f=Scum%20and%20Villainy&d=v8ZsZ200Z95X125WW164Y132XWW311Y146XWWWWWWY157X126WWWY111XWWWW&sn=Random%20Squad&obs=
Niklas God#2,galacticempire,4,9,8,11,26,3.0,https://raithos.github.io/?f=Galactic%20Empire&d=v8ZsZ200Z172XW112WY166XW13WWWW162Y161XW111W136W101WW144W11Y190X138WWWW&sn=Random%20Squad&obs=
NilsTillander#1,galacticrepublic,3,10,6,9,18,4.666666666666667,https://raithos.github.io/?f=Galactic%20Republic&d=v8ZsZ200Z340X120W136W54W88W6W165Y273X72W214W200WY333X119WWW&sn=Random%20Squad&obs=
NilsTillander#2,rebelalliance,4,5,10,11,23,1.5,https://raithos.github.io/?f=Rebel%20Alliance&d=v8ZsZ200Z53XW101Y1X234W0WW142Y41XWW41WWWY15X&sn=Random%20Squad&obs=
No Pickles#1,galacticrepublic,5,2,10,13,30,3.2,https://raithos.github.io/?f=Galactic%20Republic&d=v8ZsZ200Z321X101WY342XWW53WWWY275XWWWY313XWWWY363XWWWWW&sn=Random%20Squad&obs=
No Pickles#2,rebelalliance,5,4,9,14,25,3.2,https://raithos.github.io/?f=Rebel%20Alliance&d=v8ZsZ200Z65XWWWW167Y76XW11W10W234WW313Y71XWWWWY56XWWY54XWW&sn=Random%20Squad&obs=
"None yet, but one by date.#1",rebelalliance,5,5,12,12,24,3.0,https://raithos.github.io/?f=Rebel%20Alliance&d=v8ZsZ200Z16X108Y391XWWW10WWW313Y15X106Y7XWWW142Y51XWW&sn=Random%20Squad&obs=
"None yet, but one by date.#2",galacticempire,5,4,13,13,22,2.2,https://raithos.github.io/?f=Galactic%20Empire&d=v8ZsZ200Z161XWW134W102W109WY212XWWWY182XWY182XW105Y178XWW&sn=Random%20Squad&obs=
Old Sarge#1,firstorder,3,7,7,10,22,4.0,https://raithos.github.io/?f=First%20Order&d=v8ZsZ200Z237X319W206WWY384XWW100W108Y251X185WWWW180W12WW&sn=Random%20Squad&obs=
Old Sarge#2,rebelalliance,4,5,7,11,25,3.25,https://raithos.github.io/?f=Rebel%20Alliance&d=v8ZsZ200Z75XWW11WW136W105WY12XWWWW165W142Y15XY73XWWWWWW&sn=Random%20Squad&obs=
Opirian#1,scumandvillainy,3,11,4,11,28,3.0,https://raithos.github.io/?f=Scum%20and%20Villainy&d=v8ZsZ200Z87X115WW136WW9W317WW247Y145X132W138WW86WWWW149WW1Y105XWWWW71WWW&sn=Random%20Squad&obs=
Opirian#2,galacticrepublic,4,7,6,11,27,3.75,https://raithos.github.io/?f=Galactic%20Republic&d=v8ZsZ200Z366X132W138W134W227WW317W108Y280XW32WWWY320XWWY315XWW&sn=Random%20Squad&obs=
Paul Owen#1,resistance,3,7,4,11,30,2.6666666666666665,https://raithos.github.io/?f=Resistance&d=v8ZsZ200Z292X114WW188W88WW317WWY253X117WWW175WWWY295XWWW174WWW&sn=Random%20Squad&obs=
Paul Owen#2,galacticempire,5,6,12,12,24,2.6,https://raithos.github.io/?f=Galactic%20Empire&d=v8ZsZ200Z181X128WWY190X137W102WW76WY186XWW109Y224XWY178XW311W&sn=Random%20Squad&obs=
Pbpancho#1,rebelalliance,3,6,5,9,22,2.6666666666666665,https://raithos.github.io/?f=Rebel%20Alliance&d=v8ZsZ200Z56X122W99W106Y39XWWWW109W157WY60XW54W&sn=Random%20Squad&obs=
Pbpancho#2,galacticempire,3,10,4,8,27,3.0,https://raithos.github.io/?f=Galactic%20Empire&d=v8ZsZ200Z207X127W134W311WW86W317WW106Y202XW86W164Y215XWWWW38WW316WW&sn=Random%20Squad&obs=
pekka#1,rebelalliance,4,4,7,10,24,3.0,https://raithos.github.io/?f=Rebel%20Alliance&d=v8ZsZ200Z54X132W99W166Y52XWWY60X46W314WY59XWWW&sn=Random%20Squad&obs=
pekka#2,firstorder,4,3,12,11,18,3.0,https://raithos.github.io/?f=First%20Order&d=v8ZsZ200Z386X178WWY384XWW98WY384XW177WWY262XWW&sn=Random%20Squad&obs=
Phoenixfire1138 #1,scumandvillainy,3,6,9,8,13,3.6666666666666665,https://raithos.github.io/?f=Scum%20and%20Villainy&d=v8ZsZ200Z303XY148XW114W136W165W163WY147XW240W136WW&sn=Random%20Squad&obs=
Phoenixfire1138 #2,separatistalliance,4,5,7,10,23,3.25,https://raithos.github.io/?f=Separatist%20Alliance&d=v8ZsZ200Z325X112W68W70W164WY309XWWY308XWWY272XWW234WWWW106WW&sn=Random%20Squad&obs=
Phoenixfire1138#1,scumandvillainy,3,6,9,8,13,3.6666666666666665,https://raithos.github.io/?f=Scum%20and%20Villainy&d=v8ZsZ200Z303XY148XW114W136W165W163WY147XW240W136WW&sn=Random%20Squad&obs=
Phoenixfire1138#2,separatistalliance,4,5,7,10,23,3.25,https://raithos.github.io/?f=Separatist%20Alliance&d=v8ZsZ200Z325X112W68W70W164WY309XWWY308XWWY272XWW234WWWW106WW&sn=Random%20Squad&obs=
Pmeier#1,rebelalliance,4,9,8,10,24,3.0,https://raithos.github.io/?f=Rebel%20Alliance&d=v8ZsZ200Z32X130W113WW59W236W140Y48X133W317WWW109WY16X108Y73XWWWWWW&sn=Random%20Squad&obs=
Pmeier#2,scumandvillainy,4,7,7,12,27,2.25,https://raithos.github.io/?f=Scum%20and%20Villainy&d=v8ZsZ200Z108X232W101W20W71WW106WY159X101WWY86XWWW85WWWWY141XWWWW&sn=Random%20Squad&obs=
PoultryBane#1,galacticempire,4,12,10,9,19,2.5,https://raithos.github.io/?f=Galactic%20Empire&d=v8ZsZ200Z163X132W113W234W99W105W144W232Y226X105Y213X82W316W166Y175XW240WW&sn=Random%20Squad&obs=
PoultryBane#2,resistance,4,7,6,11,28,3.0,https://raithos.github.io/?f=Resistance&d=v8ZsZ200Z250XW177WW90WWW316WY347XW232W136WWW196WY350X124WWWY349XWWW&sn=Random%20Squad&obs=
Preston B#1,galacticrepublic,4,4,6,14,28,3.75,https://raithos.github.io/?f=Galactic%20Republic&d=v8ZsZ200Z333XW111WWY340X133WWWW226WY315XWWY280XWWW2W&sn=Random%20Squad&obs=
Preston B#2,separatistalliance,6,4,12,13,26,2.0,https://raithos.github.io/?f=Separatist%20Alliance&d=v8ZsZ200Z328X112W223WW237Y324XWW221WWY307XWWY337XWWY325XWWWWY311XWW&sn=Random%20Squad&obs=
PsychJ7#1,firstorder,5,4,12,17,28,2.2,https://raithos.github.io/?f=First%20Order&d=v8ZsZ200Z259X177W101WWW236Y269XWY285XWWWW240WY386XWWY285XWWWWW&sn=Random%20Squad&obs=
PsychJ7#2,rebelalliance,3,8,4,8,24,3.6666666666666665,https://raithos.github.io/?f=Rebel%20Alliance&d=v8ZsZ200Z62X72W114W135W137WW23WWWY48X115WWWWW156Y46X127WWWWW&sn=Random%20Squad&obs=
ptown#1,rebelalliance,3,5,2,9,30,2.6666666666666665,https://raithos.github.io/?f=Rebel%20Alliance&d=v8ZsZ200Z28XW137W134W4WW71W87Y64XWWWWWWWY59XWWW&sn=Random%20Squad&obs=
ptown#2,separatistalliance,5,6,11,14,20,3.0,https://raithos.github.io/?f=Separatist%20Alliance&d=v8ZsZ200Z337XWWY357XW124Y305XWWW229Y327X134WWW165W237Y279X102WW&sn=Random%20Squad&obs=
Quack_Shot#1,resistance,4,4,8,9,27,4.25,https://raithos.github.io/?f=Resistance&d=v8ZsZ200Z271XWW101W177Y239XWWWY347X177WWWWWWY245XWWWWWWW193&sn=Random%20Squad&obs=
Quack_Shot#2,galacticrepublic,4,7,7,11,26,3.25,https://raithos.github.io/?f=Galactic%20Republic&d=v8ZsZ200Z361X138WWW252W69W108Y314X212W6WWY339XWWWW106Y322XWWW&sn=Random%20Squad&obs=
Raph#1,firstorder,3,10,7,9,20,4.666666666666667,https://raithos.github.io/?f=First%20Order&d=v8ZsZ200Z383X119W202W101WY282XW186W179WWW232W114W110Y233XW206W108&sn=Random%20Squad&obs=
Raph#2,rebelalliance,3,2,5,8,28,3.0,https://raithos.github.io/?f=Rebel%20Alliance&d=v8ZsZ200Z45XWWWWWWY21XWWWWY18XWWW84W46WWW&sn=Random%20Squad&obs=
rc4b2#1,scumandvillainy,4,4,8,15,32,2.5,https://raithos.github.io/?f=Scum%20and%20Villainy&d=v8ZsZ200Z249X256W249Y128X53WWWWY128XWW92WWY131XWWWWW&sn=Random%20Squad&obs=
rc4b2#2,separatistalliance,4,10,8,12,24,2.75,https://raithos.github.io/?f=Separatist%20Alliance&d=v8ZsZ200Z355X118W108Y334XWW135W59W219WW110WW220Y327X134W98WWW237Y327XW100WWW&sn=Random%20Squad&obs=
RebelJP#1,rebelalliance,4,7,6,11,27,3.0,https://raithos.github.io/?f=Rebel%20Alliance&d=v8ZsZ200Z391X115W112W11W13W135WWY20XW102WWWWWWY49XWWWWY70X72W59WWW&sn=Random%20Squad&obs=
RebelJP#2,galacticempire,3,7,3,7,32,3.3333333333333335,https://raithos.github.io/?f=Galactic%20Empire&d=v8ZsZ200Z192X112W136W98W100WWWW166Y161XWWW98WWY216XWWW59WWW110W&sn=Random%20Squad&obs=
RebelScum#1,rebelalliance,4,3,5,12,32,3.0,https://raithos.github.io/?f=Rebel%20Alliance&d=v8ZsZ200Z38XWWWWW140Y391X131WWWW234WWY75XWWWWWWY75XWWWWWW&sn=Random%20Squad&obs=
RebelScum#2,scumandvillainy,4,3,7,13,28,3.5,https://raithos.github.io/?f=Scum%20and%20Villainy&d=v8ZsZ200Z120XW102WWWWY85XWW135W80WWWWY107XWWWWWWWY95XWW&sn=Random%20Squad&obs=
Reflex#1,resistance,3,5,5,8,24,5.333333333333333,https://raithos.github.io/?f=Resistance&d=v8ZsZ200Z244XWW188W245W86WW103W193Y231XWWW175WWWY377XWWWWWW&sn=Random%20Squad&obs=
Reflex#2,separatistalliance,5,8,10,14,23,2.6,https://raithos.github.io/?f=Separatist%20Alliance&d=v8ZsZ200Z343X224WWY311X98W208W109Y353XY334XWWWWW316W106WW220Y279XW208W&sn=Random%20Squad&obs=
RelativeShoe#1,galacticempire,4,6,10,10,19,3.25,https://raithos.github.io/?f=Galactic%20Empire&d=v8ZsZ200Z202X113W76WY177XW111W100W164Y178X114WWY211XWWW&sn=Random%20Squad&obs=
RelativeShoe#2,scumandvillainy,4,5,6,10,28,2.75,https://raithos.github.io/?f=Scum%20and%20Villainy&d=v8ZsZ200Z114X30W317WW105W107W156Y111XWWWWY94XWWY144XWWWW67WWW&sn=Random%20Squad&obs=
rhett#1,scumandvillainy,5,4,12,11,26,2.6,https://raithos.github.io/?f=Scum%20and%20Villainy&d=v8ZsZ200Z113XWWW91WWWY118XW11W62WWWWY139XW135Y95XWWY100XW&sn=Random%20Squad&obs=
rhett#2,rebelalliance,4,4,9,10,28,2.25,https://raithos.github.io/?f=Rebel%20Alliance&d=v8ZsZ200Z32X130WWWWW140Y52XWWY45XW86WWW107WWY16X&sn=Random%20Squad&obs=
Rilesman#1,separatistalliance,4,5,7,11,23,3.0,https://raithos.github.io/?f=Separatist%20Alliance&d=v8ZsZ200Z336XW136W30W54W68WWWY305XW239W236WY306XWWWY343XWW&sn=Random%20Squad&obs=
Rilesman#2,galacticrepublic,4,6,8,8,20,3.0,https://raithos.github.io/?f=Galactic%20Republic&d=v8ZsZ200Z332X119W113W252W234Y323XWWY330XW213W234Y333XWWW&sn=Random%20Squad&obs=
Rinehart#1,scumandvillainy,4,4,11,11,21,3.25,https://raithos.github.io/?f=Scum%20and%20Villainy&d=v8ZsZ200Z83X122WWWWWW236WY122XWWW166WY303XY101XW234&sn=Random%20Squad&obs=
Rinehart#2,separatistalliance,5,8,10,11,25,3.0,https://raithos.github.io/?f=Separatist%20Alliance&d=v8ZsZ200Z305X117WW108WY328XW223WW237Y326XW224W316WW237Y327XW102WWWY329XWWWW&sn=Random%20Squad&obs=
RoguePanda#1,rebelalliance,3,4,4,11,27,4.333333333333333,https://raithos.github.io/?f=Rebel%20Alliance&d=v8ZsZ200Z61XWWWW41W53WW84W148Y77XW134WWWWY51XWW&sn=Random%20Squad&obs=
RoguePanda#2,scumandvillainy,4,6,8,10,27,3.0,https://raithos.github.io/?f=Scum%20and%20Villainy&d=v8ZsZ200Z122X102W91WWW105Y82XW112WW10WWWW151Y140XWWWWWY88XWWWWWW&sn=Random%20Squad&obs=
Roninaurne#1,scumandvillainy,5,12,9,11,30,3.0,https://raithos.github.io/?f=Scum%20and%20Villainy&d=v8ZsZ200Z141XW45WW92W236Y144X118W137WW83WW69W110W149WW8Y158X125WWWY249X115WY87XWWWWWWW&sn=Random%20Squad&obs=
Roninaurne#2,rebelalliance,3,6,5,9,27,3.0,https://raithos.github.io/?f=Rebel%20Alliance&d=v8ZsZ200Z40XW88WW157W94Y390XW240WW30WW140Y18XWWWWWWW&sn=Random%20Squad&obs=
RonPon#1,firstorder,3,10,5,12,24,2.6666666666666665,https://raithos.github.io/?f=First%20Order&d=v8ZsZ200Z281X318W206W183W53W37W10W114WY397X126W202W101W76W111WY259XWWW113W&sn=Random%20Squad&obs=
RonPon#2,galacticrepublic,4,10,8,8,22,2.75,https://raithos.github.io/?f=Galactic%20Republic&d=v8ZsZ200Z319X100W106Y314X75W6W201W166Y362X123WWW76WW69WY320X116WW&sn=Random%20Squad&obs=
Rorer#1,galacticrepublic,4,13,8,8,22,4.0,https://raithos.github.io/?f=Galactic%20Republic&d=v8ZsZ200Z366X116W137W135W225W233W316WY315X124W311W236Y320X116W99WY275X212W5WW&sn=Random%20Squad&obs=
Rorer#2,resistance,4,8,6,12,33,2.5,https://raithos.github.io/?f=Resistance&d=v8ZsZ200Z352XW13W135W192WWWY379X100WW310WWW315Y250XW177WWWWWWY257XWWW175WWW&sn=Random%20Squad&obs=
RStan#1,firstorder,4,4,11,12,20,4.5,https://raithos.github.io/?f=First%20Order&d=v8ZsZ200Z385X115W202WWW113W249Y233XWWY287XWWWY383XWWW&sn=Random%20Squad&obs=
RStan#2,galacticrepublic,3,10,6,9,18,4.333333333333333,https://raithos.github.io/?f=Galactic%20Republic&d=v8ZsZ200Z333XWW213W135Y338XWW32W225W252W103Y277X212W2W201W236&sn=Random%20Squad&obs=
Saige771#1,galacticrepublic,4,5,7,8,25,3.5,https://raithos.github.io/?f=Galactic%20Republic&d=v8ZsZ200Z273X72WWWY363X137WW253WW317WY332XW114WWY361XWWWWW&sn=Random%20Squad&obs=
Saige771#2,rebelalliance,4,2,7,11,27,3.25,https://raithos.github.io/?f=Rebel%20Alliance&d=v8ZsZ200Z62XWW234WWWWWWY8XWWWW142Y14XWY54XWW&sn=Random%20Squad&obs=
SailorJoeV#1,resistance,3,13,6,10,23,1.6666666666666667,https://raithos.github.io/?f=Resistance&d=v8ZsZ200Z255X205W215W175W178W171W13Y260X111W186W30W174W88W69WWY300X116WWW178&sn=Random%20Squad&obs=
SailorJoeV#2,galacticrepublic,4,5,7,11,24,3.0,https://raithos.github.io/?f=Galactic%20Republic&d=v8ZsZ200Z330X240WWY339XWW225W2W236Y322XW114WWY332XWWW&sn=Random%20Squad&obs=
Sara Tessem#1,galacticrepublic,4,7,5,8,29,3.5,https://raithos.github.io/?f=Galactic%20Republic&d=v8ZsZ200Z318X123W311WY366XW138WW253W4W317W247Y365XWWWWWWY363XWWWWW&sn=Random%20Squad&obs=
Sara Tessem#2,separatistalliance,4,6,8,13,22,3.75,https://raithos.github.io/?f=Separatist%20Alliance&d=v8ZsZ200Z306X125W223WW229Y272XWWWW218WWW216WY309XW208WY354XW&sn=Random%20Squad&obs=
schdarr#1,rebelalliance,3,6,6,10,26,2.3333333333333335,https://raithos.github.io/?f=Rebel%20Alliance&d=v8ZsZ200Z37XWWWW140Y40XW90W249W157W94Y36XWWWWW140&sn=Random%20Squad&obs=
schdarr#2,galacticrepublic,4,10,7,11,24,3.5,https://raithos.github.io/?f=Galactic%20Republic&d=v8ZsZ200Z323X240W226WY315X133W99WY338X118W234W53WW4W247Y317XWW164&sn=Random%20Squad&obs=
Seth Dunlap#1,galacticempire,4,6,9,10,18,4.0,https://raithos.github.io/?f=Galactic%20Empire&d=v8ZsZ200Z210X125WWW166Y209XWW68WY161XW240W136WWW139WWY218XW&sn=Random%20Squad&obs=
Seth Dunlap#2,scumandvillainy,4,5,7,11,29,3.0,https://raithos.github.io/?f=Scum%20and%20Villainy&d=v8ZsZ200Z155XW98WW37WW96WWY101X116W136Y110XWWWWWY94XWW&sn=Random%20Squad&obs=
Shadow Marvel#1,rebelalliance,4,7,9,11,25,3.0,https://raithos.github.io/?f=Rebel%20Alliance&d=v8ZsZ200Z51X119W115WY13X126W106Y72XW35WW7W167Y43XW101WWWWWW&sn=Random%20Squad&obs=
Shadow Marvel#2,resistance,3,6,3,12,32,3.6666666666666665,https://raithos.github.io/?f=Resistance&d=v8ZsZ200Z293XWW30WWWWWY347X177W12WW244WW197W247Y389XWWWWWWWW&sn=Random%20Squad&obs=
Shutabyss#1,firstorder,4,3,7,16,30,4.25,https://raithos.github.io/?f=First%20Order&d=v8ZsZ200Z385X181WWWW111WY251X318WWWWWWWY285XWWWWWY243XWWWWW&sn=Random%20Squad&obs=
Shutabyss#2,galacticrepublic,4,4,6,11,29,4.0,https://raithos.github.io/?f=Galactic%20Republic&d=v8ZsZ200Z360XWW135WW233WW109Y338XWWWWW103Y273XWWWY363XWWWWW&sn=Random%20Squad&obs=
SirWolf#1,scumandvillainy,4,10,6,9,32,3.0,https://raithos.github.io/?f=Scum%20and%20Villainy&d=v8ZsZ200Z133XWWY109X116WW25W94W165W155WY90X122WWW22WWW103W152Y88XWWWW235WW&sn=Random%20Squad&obs=
SirWolf#2,resistance,4,7,7,9,27,3.25,https://raithos.github.io/?f=Resistance&d=v8ZsZ200Z347X177WWW32W230W190WY299X125W2WW175WWWY270X133WWWY346XWWWWWW&sn=Random%20Squad&obs=
Sky_Paladin#1,galacticempire,4,8,9,8,23,3.0,https://raithos.github.io/?f=Galactic%20Empire&d=v8ZsZ200Z163X123W113W135W311W164WY394X74WWY190XW100WW76WY162XWWWWW&sn=Random%20Squad&obs=
Sky_Paladin#2,galacticrepublic,5,5,9,13,31,3.0,https://raithos.github.io/?f=Galactic%20Republic&d=v8ZsZ200Z321XWY341XW59WW241W108Y275X212WWWY316X123WWY361XWWWWW&sn=Random%20Squad&obs=
Slenkhar#1,rebelalliance,3,7,7,8,18,3.3333333333333335,https://raithos.github.io/?f=Rebel%20Alliance&d=v8ZsZ200Z39X256W102W86WWW157WY51X117WW311Y56XWW106&sn=Random%20Squad&obs=
Slenkhar#2,scumandvillainy,4,7,8,10,21,4.0,https://raithos.github.io/?f=Scum%20and%20Villainy&d=v8ZsZ200Z158XWW91WY131X132W136W101W4W94W166Y97XWY156XWWW&sn=Random%20Squad&obs=
Smikies#1,firstorder,3,5,4,12,30,2.3333333333333335,https://raithos.github.io/?f=First%20Order&d=v8ZsZ200Z288X185W206WWW54WWWY288X318WW53W37WW11WWY285XWWWWW&sn=Random%20Squad&obs=
Smikies#2,scumandvillainy,4,8,8,10,26,3.5,https://raithos.github.io/?f=Scum%20and%20Villainy&d=v8ZsZ200Z85XW137WWW5WWW108Y122XWW91WW105Y83XWWW13WW93WW151Y95XWW&sn=Random%20Squad&obs=
Sorensen#1,galacticrepublic,4,9,9,8,21,3.25,https://raithos.github.io/?f=Galactic%20Republic&d=v8ZsZ200Z278X203W5W201W106Y321XWY360X129W138WWWW70WY276X73W226WW&sn=Random%20Squad&obs=
Sorensen#2,separatistalliance,5,13,9,11,24,2.6,https://raithos.github.io/?f=Separatist%20Alliance&d=v8ZsZ200Z327X135W101W316W165W237Y343X98W208WY335X256WWWWW70W236WW223Y343X100W208WY310XWW&sn=Random%20Squad&obs=
Squishee#1,rebelalliance,4,6,7,11,27,3.0,https://raithos.github.io/?f=Rebel%20Alliance&d=v8ZsZ200Z48XWWW166W165WY18X136WW238WWWWWY52XWWY80X115W135WW88WW&sn=Random%20Squad&obs=
Squishee#2,scumandvillainy,5,6,11,14,26,2.2,https://raithos.github.io/?f=Scum%20and%20Villainy&d=v8ZsZ200Z303X109Y106XW232WWW317W91W247WY95X122WWY96XY112XWWWWWW&sn=Random%20Squad&obs=
Stephan Wehr#1,galacticempire,4,3,9,13,25,2.75,https://raithos.github.io/?f=Galactic%20Empire&d=v8ZsZ200Z196X115WWWY167XWW60WWW162Y190XWWWWY182XW&sn=Random%20Squad&obs=
Stephan Wehr#2,scumandvillainy,4,3,6,11,41,1.25,https://raithos.github.io/?f=Scum%20and%20Villainy&d=v8ZsZ200Z92XWW36WW96WWY400XW13WWWWWY128XWWWWY92XWWWWWW&sn=Random%20Squad&obs=
Steve#1,scumandvillainy,4,6,9,9,21,3.0,https://raithos.github.io/?f=Scum%20and%20Villainy&d=v8ZsZ200Z114X32WW93WWW156Y83XWWW12W68WWWY157XW311WWY94XWW&sn=Random%20Squad&obs=
Steve#2,resistance,5,2,10,13,34,2.8,https://raithos.github.io/?f=Resistance&d=v8ZsZ200Z379XWWWWWY388XWWY378XWWWWWW315Y389XWWWWWWWWY380XWW91WWW&sn=Random%20Squad&obs=
SWGoldie#1,rebelalliance,3,7,6,8,23,3.0,https://raithos.github.io/?f=Rebel%20Alliance&d=v8ZsZ200Z40X98WWWW93Y50X123W117WY20X136W238WWWWW317W104&sn=Random%20Squad&obs=
SWGoldie#2,galacticempire,5,2,11,14,28,2.4,https://raithos.github.io/?f=Galactic%20Empire&d=v8ZsZ200Z171X75WWY168XWWWWWY185XWWY221X164Y219XW&sn=Random%20Squad&obs=
Symbiode#1,resistance,5,11,9,10,28,2.2,https://raithos.github.io/?f=Resistance&d=v8ZsZ200Z349X116W186W192WY380X100WWWW166WY347X186W10WW173WW6W247Y380XWWWWWY348X198WW&sn=Random%20Squad&obs=
Symbiode#2,firstorder,4,7,10,13,22,3.5,https://raithos.github.io/?f=First%20Order&d=v8ZsZ200Z242XWWWWWY283X131WWW102Y243X319W202W100WWW166Y265X202W&sn=Random%20Squad&obs=
Taloncor#1,firstorder,4,5,10,14,20,4.0,https://raithos.github.io/?f=First%20Order&d=v8ZsZ200Z383XWWWY285XWW101W88W114WY382X115WWWY242XWWW76WW&sn=Random%20Squad&obs=
Taloncor#2,scumandvillainy,4,3,10,10,26,3.25,https://raithos.github.io/?f=Scum%20and%20Villainy&d=v8ZsZ200Z84XWW11WWWW109WY248XWY152XW232WWWWWWWY247XW&sn=Random%20Squad&obs=
Ted W#1,resistance,3,9,3,7,27,3.0,https://raithos.github.io/?f=Resistance&d=v8ZsZ200Z245XWW173WW86WWWY352XW10W136W54WW2WY346XW11W135WWW312W&sn=Random%20Squad&obs=
Ted W#2,galacticempire,4,9,11,8,18,3.75,https://raithos.github.io/?f=Galactic%20Empire&d=v8ZsZ200Z174X125W240W311W105Y394X199WWY170XWW100Y190X137WW98W90W&sn=Random%20Squad&obs=
the8bitdeity#1,separatistalliance,4,8,8,12,24,2.75,https://raithos.github.io/?f=Separatist%20Alliance&d=v8ZsZ200Z355XWY328X113WWW237Y325X112WW316WWY335XW232W134WWWWW216W239&sn=Random%20Squad&obs=
the8bitdeity#2,galacticrepublic,4,7,6,11,27,3.75,https://raithos.github.io/?f=Galactic%20Republic&d=v8ZsZ200Z362X122W138W234WW254WWY316X127W98WY342XWWWWWY322XWW6W&sn=Random%20Squad&obs=
Timanseb#1,resistance,4,8,8,9,25,3.0,https://raithos.github.io/?f=Resistance&d=v8ZsZ200Z351XW206WW136WW242W205W247Y300XWWWY252XWWW175WW171WY379XW191WWWW&sn=Random%20Squad&obs=
Timanseb#2,scumandvillainy,3,3,8,12,22,4.0,https://raithos.github.io/?f=Scum%20and%20Villainy&d=v8ZsZ200Z107XWWWWWWW153WY83XWWWWW96W249WY98XW&sn=Random%20Squad&obs=
Timathius#1,rebelalliance,3,13,4,10,26,3.0,https://raithos.github.io/?f=Rebel%20Alliance&d=v8ZsZ200Z66X116WW108W137W167Y37X113W314W65W103W140Y392XW136WW137WWW165W88W148&sn=Random%20Squad&obs=
Timathius#2,galacticrepublic,4,8,5,11,30,3.0,https://raithos.github.io/?f=Galactic%20Republic&d=v8ZsZ200Z361X138WW86W213WWY331XWWWY341XWWW241WY366XW138W135W88WW70W&sn=Random%20Squad&obs=
Tkdstitch#1,galacticempire,4,5,6,13,30,2.75,https://raithos.github.io/?f=Galactic%20Empire&d=v8ZsZ200Z183XW15W60WY168XWWW53WW162Y172XWW100Y184X115WWW&sn=Random%20Squad&obs=
Tkdstitch#2,firstorder,3,7,6,11,22,3.6666666666666665,https://raithos.github.io/?f=First%20Order&d=v8ZsZ200Z381X117W202W99WY238XWW59W180W183W13W111W110Y285XWWWWW&sn=Random%20Squad&obs=
TLFJ#1,rebelalliance,4,3,9,10,26,2.25,https://raithos.github.io/?f=Rebel%20Alliance&d=v8ZsZ200Z16XY45X98WW57W23WWWY21XWWWW109Y57XW&sn=Random%20Squad&obs=
TLFJ#2,galacticempire,4,8,8,12,24,3.5,https://raithos.github.io/?f=Galactic%20Empire&d=v8ZsZ200Z161X119W240W136W101W104W144WY218XWY167XWWWW164W162Y212XWWW&sn=Random%20Squad&obs=
TNX_Old_Jester#1,scumandvillainy,4,4,9,12,23,4.0,https://raithos.github.io/?f=Scum%20and%20Villainy&d=v8ZsZ200Z119X133WW94WW166W108Y156XWWWY125X251WWWWWY249XW&sn=Random%20Squad&obs=
TNX_Old_Jester#2,rebelalliance,3,4,5,9,25,4.0,https://raithos.github.io/?f=Rebel%20Alliance&d=v8ZsZ200Z7XW0W108W142Y17XWWWWW317W70WY39XWWWWWW&sn=Random%20Squad&obs=
Tommaso Loss#1,firstorder,4,4,8,15,30,2.5,https://raithos.github.io/?f=First%20Order&d=v8ZsZ200Z385XWWWW240W249Y286XWWY288XW186W59WWWWWY285XWWWWW&sn=Random%20Squad&obs=
Tommaso Loss#2,galacticrepublic,6,4,10,12,36,2.3333333333333335,https://raithos.github.io/?f=Galactic%20Republic&d=v8ZsZ200Z362X122W138WW88WW70WY364XWWWWWWY321XWY320XWWY321XWY323XWW&sn=Random%20Squad&obs=
Tommy#1,galacticrepublic,4,4,7,11,26,3.75,https://raithos.github.io/?f=Galactic%20Republic&d=v8ZsZ200Z338XWWW89W241W165Y278XWW201WY363XWWWWWY317XWW&sn=Random%20Squad&obs=
Tommy#2,rebelalliance,3,8,4,9,25,3.6666666666666665,https://raithos.github.io/?f=Rebel%20Alliance&d=v8ZsZ200Z73XW114WWWW247W313Y44XW101WWW37W249WW154Y66XWW165WW&sn=Random%20Squad&obs=
Totem#1,separatistalliance,3,5,3,9,30,3.3333333333333335,https://raithos.github.io/?f=Separatist%20Alliance&d=v8ZsZ200Z272X203W12WWWWW109W216WY334XWW234WWWWWWY336XWWWWWWW&sn=Random%20Squad&obs=
Totem#2,resistance,4,8,7,9,27,3.0,https://raithos.github.io/?f=Resistance&d=v8ZsZ200Z347X177WWWW54W190WY349X122WWWY246X124W311WW246WWWW193Y388XWW&sn=Random%20Squad&obs=
Travis Foss#1,firstorder,4,6,9,12,26,2.5,https://raithos.github.io/?f=First%20Order&d=v8ZsZ200Z285XWW100WWWY265X178W247Y251XW177WW32W179WW111WY268XW&sn=Random%20Squad&obs=
Travis Foss#2,galacticempire,5,7,11,13,27,2.6,https://raithos.github.io/?f=Galactic%20Empire&d=v8ZsZ200Z207XWWW102WW70WWY223X125WY168X114WW14W53WWY188XW137WWWW166Y227XW&sn=Random%20Squad&obs=
trej#1,firstorder,4,3,9,13,28,2.5,https://raithos.github.io/?f=First%20Order&d=v8ZsZ200Z286X178W234W311Y267XWWY385XWWWWWY288XWWWWWWW&sn=Random%20Squad&obs=
trej#2,separatistalliance,5,3,11,17,26,3.0,https://raithos.github.io/?f=Separatist%20Alliance&d=v8ZsZ200Z355X125WY272X199WWWWWWWW239Y356XWY343XWWY324XWWWW&sn=Random%20Squad&obs=
TriggerHappyTaco#1,resistance,3,1,3,9,33,4.0,https://raithos.github.io/?f=Resistance&d=v8ZsZ200Z295XWWWWWWY246XWWWW86WWWY245XWWWWWWW&sn=Random%20Squad&obs=
TriggerHappyTaco#2,rebelalliance,4,5,6,10,28,3.75,https://raithos.github.io/?f=Rebel%20Alliance&d=v8ZsZ200Z17XW101WWWWW67W106Y14XWY391XWWWW135WWY59XW51WW&sn=Random%20Squad&obs=
TruksonSWE#1,galacticempire,3,8,5,8,19,3.0,https://raithos.github.io/?f=Galactic%20Empire&d=v8ZsZ200Z207XWWW238WW316W69W109Y199X126W111W86WY186X33W15W165&sn=Random%20Squad&obs=
TruksonSWE#2,scumandvillainy,5,6,11,11,24,2.8,https://raithos.github.io/?f=Scum%20and%20Villainy&d=v8ZsZ200Z149XWW134W249WY159XWW247Y249XWY93XWWY87XWW134WW8WWW109&sn=Random%20Squad&obs=
Tsukuda_Joe#1,resistance,4,3,5,14,36,2.25,https://raithos.github.io/?f=Resistance&d=v8ZsZ200Z260XW206WWWW316WWY293XWWWWWW70WY350XWWWY347XWWWWWW&sn=Random%20Squad&obs=
Tsukuda_Joe#2,scumandvillainy,5,2,8,15,37,1.6,https://raithos.github.io/?f=Scum%20and%20Villainy&d=v8ZsZ200Z127XW66WWWWY111XWWWWY114XWWWWWY111X240WWWWY96X&sn=Random%20Squad&obs=
tycho1707#1,scumandvillainy,4,5,9,9,24,2.0,https://raithos.github.io/?f=Scum%20and%20Villainy&d=v8ZsZ200Z152XWWW54W32WW94W106WY114XW71WWWW156Y304XY138XW&sn=Random%20Squad&obs=
tycho1707#2,galacticrepublic,5,3,9,10,28,3.2,https://raithos.github.io/?f=Galactic%20Republic&d=v8ZsZ200Z317XW98WY333XW112WWY364XWWW253WWWY318XWWY323XWW&sn=Random%20Squad&obs=
unfassbarnathan#1,separatistalliance,5,7,10,12,23,2.4,https://raithos.github.io/?f=Separatist%20Alliance&d=v8ZsZ200Z324XW98WWWY305X115W222W249WY343X99WWY324XWW235WWY344XWW165W&sn=Random%20Squad&obs=
unfassbarnathan#2,resistance,4,8,8,10,24,3.75,https://raithos.github.io/?f=Resistance&d=v8ZsZ200Z297X122W196WW175WWW11Y348X177WWY299XWW105W175WWW101Y377XWWWWWW&sn=Random%20Squad&obs=
VeryBadCheese#1,firstorder,3,9,7,9,20,3.0,https://raithos.github.io/?f=First%20Order&d=v8ZsZ200Z382X133W318W311WY281X185W186W183W59W30W12W113W108Y263XW177W&sn=Random%20Squad&obs=
VeryBadCheese#2,galacticrepublic,4,4,5,14,31,3.5,https://raithos.github.io/?f=Galactic%20Republic&d=v8ZsZ200Z280XWW253WW108Y319X98W108Y338XWWWWWY365XWWWWWW&sn=Random%20Squad&obs=
VictoryOfEagles#1,galacticrepublic,3,10,4,12,23,3.3333333333333335,https://raithos.github.io/?f=Galactic%20Republic&d=v8ZsZ200Z333X119W113W2W135Y339X136WWWW165Y341XW217W227W4W164&sn=Random%20Squad&obs=
VictoryOfEagles#2,scumandvillainy,3,7,6,11,20,4.666666666666667,https://raithos.github.io/?f=Scum%20and%20Villainy&d=v8ZsZ200Z119X118W100W94WWW236Y103XWW311WWWWW153W76Y156XWWW&sn=Random%20Squad&obs=
Vipcard3#1,rebelalliance,4,8,6,12,26,3.75,https://raithos.github.io/?f=Rebel%20Alliance&d=v8ZsZ200Z73X125W114W12WWW236W313Y77X131WWWWW108Y46XWW40WWWY57XW&sn=Random%20Squad&obs=
Vipcard3#2,resistance,4,8,10,9,21,4.0,https://raithos.github.io/?f=Resistance&d=v8ZsZ200Z378X133W311WWW236W109W315Y240XWW102WY256XW195WW175WWW10Y271XWWW&sn=Random%20Squad&obs=
Wally_Shanks#1,scumandvillainy,5,6,9,12,34,2.6,https://raithos.github.io/?f=Scum%20and%20Villainy&d=v8ZsZ200Z130X121W134WWWW108Y248X125WY116XWW11WW83WWWY111XWWWWY157XWWW&sn=Random%20Squad&obs=
Wally_Shanks#2,rebelalliance,4,5,8,8,20,3.25,https://raithos.github.io/?f=Rebel%20Alliance&d=v8ZsZ200Z27XWW136W0WW69W87Y16XY54XWWY49XWWWW156&sn=Random%20Squad&obs=
warmdown#1,separatistalliance,5,6,11,14,20,3.4,https://raithos.github.io/?f=Separatist%20Alliance&d=v8ZsZ200Z309X98W208W164Y311XWWY358XWY326X136WWWW237Y308X239WW&sn=Random%20Squad&obs=
warmdown#2,galacticempire,5,3,12,11,25,3.8,https://raithos.github.io/?f=Galactic%20Empire&d=v8ZsZ200Z224X125W108Y177XWW100WY183XWWWY187XWWWWWY170XWW&sn=Random%20Squad&obs=
WesleyvW#1,scumandvillainy,5,11,10,10,24,3.2,https://raithos.github.io/?f=Scum%20and%20Villainy&d=v8ZsZ200Z156X132W101W93W236Y85X116W138W234W76W1WW95WY143XWW71WWY158XWWWY247XW&sn=Random%20Squad&obs=
WesleyvW#2,rebelalliance,5,10,10,13,24,1.6,https://raithos.github.io/?f=Rebel%20Alliance&d=v8ZsZ200Z72XW53W105W7W167Y56X132WW249Y60X40W37W236Y57X100WY14X74W&sn=Random%20Squad&obs=
wilhelmfors#1,firstorder,4,2,12,11,18,4.0,https://raithos.github.io/?f=First%20Order&d=v8ZsZ200Z384X119WWWY287XW177WWY383XWWWY266XWW&sn=Random%20Squad&obs=
wilhelmfors#2,galacticrepublic,4,9,7,11,26,3.25,https://raithos.github.io/?f=Galactic%20Republic&d=v8ZsZ200Z274X251WWWY365XW138W234WW6W69WY321XW249Y340XW234WWW6W211&sn=Random%20Squad&obs=
willhaigwood#1,firstorder,4,5,8,14,28,2.5,https://raithos.github.io/?f=First%20Order&d=v8ZsZ200Z289XW318W53WW183W232WWY290X177WY397XWW101WWWY259XWWWW&sn=Random%20Squad&obs=
willhaigwood#2,separatistalliance,4,5,10,15,16,4.0,https://raithos.github.io/?f=Separatist%20Alliance&d=v8ZsZ200Z308X223WW229Y309X102W208WY357X122W131Y358XW&sn=Random%20Squad&obs=
Williarn#1,rebelalliance,3,10,4,7,26,4.0,https://raithos.github.io/?f=Rebel%20Alliance&d=v8ZsZ200Z26X116W138W136W0W109WWY42X132W311WWWWW249WY49X68WWW166W&sn=Random%20Squad&obs=
Williarn#2,scumandvillainy,5,11,11,10,22,2.6,https://raithos.github.io/?f=Scum%20and%20Villainy&d=v8ZsZ200Z142XW16W71WWY399XW12Y140XWW47W316W92W166Y156XW99WW247Y94X124WW165&sn=Random%20Squad&obs=
WookieShepherd#1,firstorder,4,7,12,10,18,3.0,https://raithos.github.io/?f=First%20Order&d=v8ZsZ200Z283X181WW136WY384X127WW98W164Y266X122WW108Y265XW&sn=Random%20Squad&obs=
WookieShepherd#2,rebelalliance,4,5,7,12,29,2.5,https://raithos.github.io/?f=Rebel%20Alliance&d=v8ZsZ200Z44XW99WWWW164WWY68XWWWY10XW130WWWW142Y0XWWWW142&sn=Random%20Squad&obs=
x77x#1,scumandvillainy,4,6,8,12,27,3.25,https://raithos.github.io/?f=Scum%20and%20Villainy&d=v8ZsZ200Z303XY129X125WWWW95W103Y142X206WWWWY126XWW93W92W110W&sn=Random%20Squad&obs=
x77x#2,galacticrepublic,4,8,8,11,23,2.0,https://raithos.github.io/?f=Galactic%20Republic&d=v8ZsZ200Z330XWW134Y330X113W6W135Y341X134W30WWWY275X73WW200W&sn=Random%20Squad&obs=
XPav#1,galacticrepublic,4,7,6,11,27,3.75,https://raithos.github.io/?f=Galactic%20Republic&d=v8ZsZ200Z317X122W100WY342X124W135WW86WWY359X203WW135WWWWY321XW&sn=Random%20Squad&obs=
XPav#2,galacticempire,4,6,8,9,24,3.0,https://raithos.github.io/?f=Galactic%20Empire&d=v8ZsZ200Z201XW111W86W164Y175X123WW98W109Y188XWWWWWY193XWWWWWWW&sn=Random%20Squad&obs=
Yellow Snow Kangaroo#1,scumandvillainy,4,7,8,10,24,2.25,https://raithos.github.io/?f=Scum%20and%20Villainy&d=v8ZsZ200Z129XWW99W2WW166Y151X111W134WW163W249Y141XWWWWY143XWWWW&sn=Random%20Squad&obs=
Yellow Snow Kangaroo#2,rebelalliance,2,3,3,7,23,5.0,https://raithos.github.io/?f=Rebel%20Alliance&d=v8ZsZ200Z43X256WWW54W19W103WWY39XWWWWWW&sn=Random%20Squad&obs=
Zach Johnson#1,galacticempire,4,6,8,10,26,1.75,https://raithos.github.io/?f=Galactic%20Empire&d=v8ZsZ200Z186X49W33W103Y178XW102W108Y176XWW105Y186XW37W&sn=Random%20Squad&obs=
Zach Johnson#2,resistance,5,5,10,11,27,2.4,https://raithos.github.io/?f=Resistance&d=v8ZsZ200Z346XW11WWW242WWY348XWWY345XWW53WY253X126WWW175WWWY270XWWW&sn=Random%20Squad&obs=
zbbSkeletor#1,scumandvillainy,4,12,6,8,28,2.0,https://raithos.github.io/?f=Scum%20and%20Villainy&d=v8ZsZ200Z142X186W45WW95WY92XW32W66W90W94W249W152Y87XW137WW78WW70WW108Y157XWWW&sn=Random%20Squad&obs=
zbbSkeletor#2,rebelalliance,4,9,8,11,22,3.0,https://raithos.github.io/?f=Rebel%20Alliance&d=v8ZsZ200Z67X72W35WW138WY69X256W40WW0WY53XWY20XWWW88W54W317WW&sn=Random%20Squad&obs=
zeebo#1,rebelalliance,3,5,2,9,31,3.0,https://raithos.github.io/?f=Rebel%20Alliance&d=v8ZsZ200Z392XW234WW138WWWW77WY20XW99WWWWW68WY59XWWW&sn=Random%20Squad&obs=
zeebo#2,galacticempire,4,3,8,10,22,4.0,https://raithos.github.io/?f=Galactic%20Empire&d=v8ZsZ200Z191XW135WWWWWWY170XWWY212XWWW166Y201XW112WW&sn=Random%20Squad&obs=
[SEL]Brut#1,galacticempire,4,6,7,10,22,4.25,https://raithos.github.io/?f=Galactic%20Empire&d=v8ZsZ200Z187XWWWW88WY192X240WW98WWWW235WY210X131WWW106Y211XWWW&sn=Random%20Squad&obs=
[SEL]Brut#2,galacticrepublic,4,5,9,8,21,4.5,https://raithos.github.io/?f=Galactic%20Republic&d=v8ZsZ200Z278X199WWW108Y274XW233WWY366XWW135WWW69WY332XWWW&sn=Random%20Squad&obs=
